date,price
1/3/09,0.0
1/4/09,0.0
1/5/09,0.0
1/6/09,0.0
1/7/09,0.0
1/8/09,0.0
1/9/09,0.0
1/10/09,0.0
1/11/09,0.0
1/12/09,0.0
1/13/09,0.0
1/14/09,0.0
1/15/09,0.0
1/16/09,0.0
1/17/09,0.0
1/18/09,0.0
1/19/09,0.0
1/20/09,0.0
1/21/09,0.0
1/22/09,0.0
1/23/09,0.0
1/24/09,0.0
1/25/09,0.0
1/26/09,0.0
1/27/09,0.0
1/28/09,0.0
1/29/09,0.0
1/30/09,0.0
1/31/09,0.0
2/1/09,0.0
2/2/09,0.0
2/3/09,0.0
2/4/09,0.0
2/5/09,0.0
2/6/09,0.0
2/7/09,0.0
2/8/09,0.0
2/9/09,0.0
2/10/09,0.0
2/11/09,0.0
2/12/09,0.0
2/13/09,0.0
2/14/09,0.0
2/15/09,0.0
2/16/09,0.0
2/17/09,0.0
2/18/09,0.0
2/19/09,0.0
2/20/09,0.0
2/21/09,0.0
2/22/09,0.0
2/23/09,0.0
2/24/09,0.0
2/25/09,0.0
2/26/09,0.0
2/27/09,0.0
2/28/09,0.0
3/1/09,0.0
3/2/09,0.0
3/3/09,0.0
3/4/09,0.0
3/5/09,0.0
3/6/09,0.0
3/7/09,0.0
3/8/09,0.0
3/9/09,0.0
3/10/09,0.0
3/11/09,0.0
3/12/09,0.0
3/13/09,0.0
3/14/09,0.0
3/15/09,0.0
3/16/09,0.0
3/17/09,0.0
3/18/09,0.0
3/19/09,0.0
3/20/09,0.0
3/21/09,0.0
3/22/09,0.0
3/23/09,0.0
3/24/09,0.0
3/25/09,0.0
3/26/09,0.0
3/27/09,0.0
3/28/09,0.0
3/29/09,0.0
3/30/09,0.0
3/31/09,0.0
4/1/09,0.0
4/2/09,0.0
4/3/09,0.0
4/4/09,0.0
4/5/09,0.0
4/6/09,0.0
4/7/09,0.0
4/8/09,0.0
4/9/09,0.0
4/10/09,0.0
4/11/09,0.0
4/12/09,0.0
4/13/09,0.0
4/14/09,0.0
4/15/09,0.0
4/16/09,0.0
4/17/09,0.0
4/18/09,0.0
4/19/09,0.0
4/20/09,0.0
4/21/09,0.0
4/22/09,0.0
4/23/09,0.0
4/24/09,0.0
4/25/09,0.0
4/26/09,0.0
4/27/09,0.0
4/28/09,0.0
4/29/09,0.0
4/30/09,0.0
5/1/09,0.0
5/2/09,0.0
5/3/09,0.0
5/4/09,0.0
5/5/09,0.0
5/6/09,0.0
5/7/09,0.0
5/8/09,0.0
5/9/09,0.0
5/10/09,0.0
5/11/09,0.0
5/12/09,0.0
5/13/09,0.0
5/14/09,0.0
5/15/09,0.0
5/16/09,0.0
5/17/09,0.0
5/18/09,0.0
5/19/09,0.0
5/20/09,0.0
5/21/09,0.0
5/22/09,0.0
5/23/09,0.0
5/24/09,0.0
5/25/09,0.0
5/26/09,0.0
5/27/09,0.0
5/28/09,0.0
5/29/09,0.0
5/30/09,0.0
5/31/09,0.0
6/1/09,0.0
6/2/09,0.0
6/3/09,0.0
6/4/09,0.0
6/5/09,0.0
6/6/09,0.0
6/7/09,0.0
6/8/09,0.0
6/9/09,0.0
6/10/09,0.0
6/11/09,0.0
6/12/09,0.0
6/13/09,0.0
6/14/09,0.0
6/15/09,0.0
6/16/09,0.0
6/17/09,0.0
6/18/09,0.0
6/19/09,0.0
6/20/09,0.0
6/21/09,0.0
6/22/09,0.0
6/23/09,0.0
6/24/09,0.0
6/25/09,0.0
6/26/09,0.0
6/27/09,0.0
6/28/09,0.0
6/29/09,0.0
6/30/09,0.0
7/1/09,0.0
7/2/09,0.0
7/3/09,0.0
7/4/09,0.0
7/5/09,0.0
7/6/09,0.0
7/7/09,0.0
7/8/09,0.0
7/9/09,0.0
7/10/09,0.0
7/11/09,0.0
7/12/09,0.0
7/13/09,0.0
7/14/09,0.0
7/15/09,0.0
7/16/09,0.0
7/17/09,0.0
7/18/09,0.0
7/19/09,0.0
7/20/09,0.0
7/21/09,0.0
7/22/09,0.0
7/23/09,0.0
7/24/09,0.0
7/25/09,0.0
7/26/09,0.0
7/27/09,0.0
7/28/09,0.0
7/29/09,0.0
7/30/09,0.0
7/31/09,0.0
8/1/09,0.0
8/2/09,0.0
8/3/09,0.0
8/4/09,0.0
8/5/09,0.0
8/6/09,0.0
8/7/09,0.0
8/8/09,0.0
8/9/09,0.0
8/10/09,0.0
8/11/09,0.0
8/12/09,0.0
8/13/09,0.0
8/14/09,0.0
8/15/09,0.0
8/16/09,0.0
8/17/09,0.0
8/18/09,0.0
8/19/09,0.0
8/20/09,0.0
8/21/09,0.0
8/22/09,0.0
8/23/09,0.0
8/24/09,0.0
8/25/09,0.0
8/26/09,0.0
8/27/09,0.0
8/28/09,0.0
8/29/09,0.0
8/30/09,0.0
8/31/09,0.0
9/1/09,0.0
9/2/09,0.0
9/3/09,0.0
9/4/09,0.0
9/5/09,0.0
9/6/09,0.0
9/7/09,0.0
9/8/09,0.0
9/9/09,0.0
9/10/09,0.0
9/11/09,0.0
9/12/09,0.0
9/13/09,0.0
9/14/09,0.0
9/15/09,0.0
9/16/09,0.0
9/17/09,0.0
9/18/09,0.0
9/19/09,0.0
9/20/09,0.0
9/21/09,0.0
9/22/09,0.0
9/23/09,0.0
9/24/09,0.0
9/25/09,0.0
9/26/09,0.0
9/27/09,0.0
9/28/09,0.0
9/29/09,0.0
9/30/09,0.0
10/1/09,0.0
10/2/09,0.0
10/3/09,0.0
10/4/09,0.0
10/5/09,0.00076392
10/6/09,0.000885
10/7/09,0.00105
10/8/09,0.001084
10/9/09,0.0012
10/10/09,0.00112
10/11/09,0.001153
10/12/09,0.001102
10/13/09,0.001129
10/14/09,0.001136
10/15/09,0.00117
10/16/09,0.001245
10/17/09,0.001241
10/18/09,0.001225
10/19/09,0.001248
10/20/09,0.001233
10/21/09,0.001211
10/22/09,0.00122
10/23/09,0.001257
10/24/09,0.001273
10/25/09,0.001288
10/26/09,0.001266
10/27/09,0.001263
10/28/09,0.001285
10/29/09,0.001266
10/30/09,0.001256
10/31/09,0.001247
11/1/09,0.001219
11/2/09,0.001256
11/3/09,0.001273
11/4/09,0.001306
11/5/09,0.001306
11/6/09,0.001286
11/7/09,0.00128
11/8/09,0.00126
11/9/09,0.00126
11/10/09,0.001236
11/11/09,0.001299
11/12/09,0.001341
11/13/09,0.001355
11/14/09,0.001286
11/15/09,0.001236
11/16/09,0.001189
11/17/09,0.001178
11/18/09,0.001106
11/19/09,0.001073
11/20/09,0.001077
11/21/09,0.001064
11/22/09,0.001059
11/23/09,0.001
11/24/09,0.000927
11/25/09,0.0009
11/26/09,0.000897
11/27/09,0.00086
11/28/09,0.000849
11/29/09,0.000829
11/30/09,0.000824
12/1/09,0.000811
12/2/09,0.000795
12/3/09,0.000771
12/4/09,0.000746
12/5/09,0.000748
12/6/09,0.000733
12/7/09,0.000718
12/8/09,0.0007
12/9/09,0.000687
12/10/09,0.00067
12/11/09,0.000665
12/12/09,0.00064
12/13/09,0.000618
12/14/09,0.000615
12/15/09,0.000615
12/16/09,0.000622
12/17/09,0.000613
12/18/09,0.000616
12/19/09,0.00063
12/20/09,0.000627
12/21/09,0.000627
12/22/09,0.000633
12/23/09,0.000633
12/24/09,0.000633
12/25/09,0.000633
12/26/09,0.000633
12/27/09,0.000633
12/28/09,0.000633
12/29/09,0.000633
12/30/09,0.000643
12/31/09,0.000689
1/1/10,0.000718
1/2/10,0.000718
1/3/10,0.000718
1/4/10,0.000718
1/5/10,0.000718
1/6/10,0.000718
1/7/10,0.000718
1/8/10,0.000718
1/9/10,0.000718
1/10/10,0.000718
1/11/10,0.000718
1/12/10,0.000718
1/13/10,0.000718
1/14/10,0.000718
1/15/10,0.000718
1/16/10,0.002831
1/17/10,0.0028
1/18/10,0.002946
1/19/10,0.002736
1/20/10,0.002919
1/21/10,0.002893
1/22/10,0.003048
1/23/10,0.003211
1/24/10,0.003252
1/25/10,0.003254
1/26/10,0.003366
1/27/10,0.003185
1/28/10,0.003281
1/29/10,0.003259
1/30/10,0.003241
1/31/10,0.003298
2/1/10,0.003297
2/2/10,0.003364
2/3/10,0.003496
2/4/10,0.00357
2/5/10,0.003658
2/6/10,0.003672
2/7/10,0.003735
2/8/10,0.003795
2/9/10,0.003803
2/10/10,0.003857
2/11/10,0.003847
2/12/10,0.003911
2/13/10,0.004005
2/14/10,0.004052
2/15/10,0.004147
2/16/10,0.004203
2/17/10,0.004261
2/18/10,0.004307
2/19/10,0.004415
2/20/10,0.004559
2/21/10,0.004662
2/22/10,0.004706
2/23/10,0.00485
2/24/10,0.004975
2/25/10,0.005029
2/26/10,0.005104
2/27/10,0.005168
2/28/10,0.005298
3/1/10,0.005397
3/2/10,0.005472
3/3/10,0.005472
3/4/10,0.005472
3/5/10,0.005472
3/6/10,0.005472
3/7/10,0.005472
3/8/10,0.005472
3/9/10,0.005472
3/10/10,0.005472
3/11/10,0.005472
3/12/10,0.005472
3/13/10,0.005472
3/14/10,0.005472
3/15/10,0.005472
3/16/10,0.005472
3/17/10,0.005472
3/18/10,0.005472
3/19/10,0.005472
3/20/10,0.005472
3/21/10,0.005472
3/22/10,0.005472
3/23/10,0.005472
3/24/10,0.005472
3/25/10,0.005472
3/26/10,0.005472
3/27/10,0.005472
3/28/10,0.005472
3/29/10,0.005472
3/30/10,0.005472
3/31/10,0.005472
4/1/10,0.005472
4/2/10,0.005472
4/3/10,0.005472
4/4/10,0.005472
4/5/10,0.005472
4/6/10,0.005472
4/7/10,0.005472
4/8/10,0.005472
4/9/10,0.005472
4/10/10,0.005472
4/11/10,0.005472
4/12/10,0.005472
4/13/10,0.005472
4/14/10,0.005472
4/15/10,0.005472
4/16/10,0.005472
4/17/10,0.005472
4/18/10,0.005472
4/19/10,0.005472
4/20/10,0.005472
4/21/10,0.005472
4/22/10,0.005472
4/23/10,0.005472
4/24/10,0.005472
4/25/10,0.003
4/26/10,0.003
4/27/10,0.003
4/28/10,0.003
4/29/10,0.003
4/30/10,0.003
5/1/10,0.003
5/2/10,0.003
5/3/10,0.003
5/4/10,0.003
5/5/10,0.003284
5/6/10,0.004014
5/7/10,0.004206
5/8/10,0.003499
5/9/10,0.003499
5/10/10,0.0039
5/11/10,0.004043
5/12/10,0.004376
5/13/10,0.004376
5/14/10,0.004
5/15/10,0.004
5/16/10,0.004
5/17/10,0.004
5/18/10,0.004647
5/19/10,0.004571
5/20/10,0.0045
5/21/10,0.0045
5/22/10,0.004473
5/23/10,0.0047
5/24/10,0.0047
5/25/10,0.004845
5/26/10,0.004598
5/27/10,0.004598
5/28/10,0.004547
5/29/10,0.004485
5/30/10,0.004485
5/31/10,0.004485
6/1/10,0.004485
6/2/10,0.004485
6/3/10,0.004485
6/4/10,0.004485
6/5/10,0.004485
6/6/10,0.004485
6/7/10,0.004518
6/8/10,0.004518
6/9/10,0.004563
6/10/10,0.005
6/11/10,0.005
6/12/10,0.005
6/13/10,0.005
6/14/10,0.005
6/15/10,0.005
6/16/10,0.005
6/17/10,0.005
6/18/10,0.004975
6/19/10,0.004975
6/20/10,0.004975
6/21/10,0.004975
6/22/10,0.004975
6/23/10,0.004967
6/24/10,0.005181
6/25/10,0.005181
6/26/10,0.0044
6/27/10,0.0044
6/28/10,0.005328
6/29/10,0.005328
6/30/10,0.0054
7/1/10,0.006032
7/2/10,0.0055
7/3/10,0.006409
7/4/10,0.006777
7/5/10,0.007153
7/6/10,0.00575
7/7/10,0.007893
7/8/10,0.00625
7/9/10,0.00625
7/10/10,0.008099
7/11/10,0.007886
7/12/10,0.011933
7/13/10,0.016075
7/14/10,0.019472
7/15/10,0.030863
7/16/10,0.060535
7/17/10,0.068107
7/18/10,0.0858
7/19/10,0.0808
7/20/10,0.0747
7/21/10,0.0792
7/22/10,0.0505
7/23/10,0.0626
7/24/10,0.0545
7/25/10,0.0505
7/26/10,0.056
7/27/10,0.06
7/28/10,0.0589
7/29/10,0.0699
7/30/10,0.0627
7/31/10,0.0679
8/1/10,0.0611
8/2/10,0.06
8/3/10,0.06
8/4/10,0.057
8/5/10,0.061
8/6/10,0.0623
8/7/10,0.059
8/8/10,0.0609
8/9/10,0.071
8/10/10,0.07
8/11/10,0.067
8/12/10,0.07
8/13/10,0.0645
8/14/10,0.067
8/15/10,0.0653
8/16/10,0.0655
8/17/10,0.07
8/18/10,0.068
8/19/10,0.0667
8/20/10,0.0655
8/21/10,0.0664
8/22/10,0.066
8/23/10,0.0649
8/24/10,0.065
8/25/10,0.0648
8/26/10,0.064
8/27/10,0.065
8/28/10,0.0641
8/29/10,0.064
8/30/10,0.065
8/31/10,0.06
9/1/10,0.0629
9/2/10,0.0634
9/3/10,0.0609
9/4/10,0.0624
9/5/10,0.0616
9/6/10,0.0616
9/7/10,0.061
9/8/10,0.062
9/9/10,0.0611
9/10/10,0.0618
9/11/10,0.0637
9/12/10,0.0615
9/13/10,0.0622
9/14/10,0.062
9/15/10,0.0604
9/16/10,0.0619
9/17/10,0.059
9/18/10,0.061
9/19/10,0.0627
9/20/10,0.0621
9/21/10,0.0627
9/22/10,0.0622
9/23/10,0.0623
9/24/10,0.0622
9/25/10,0.062
9/26/10,0.062
9/27/10,0.0622
9/28/10,0.0619
9/29/10,0.0619
9/30/10,0.0619
10/1/10,0.062
10/2/10,0.0614
10/3/10,0.0611
10/4/10,0.0613
10/5/10,0.0614
10/6/10,0.0628
10/7/10,0.067
10/8/10,0.0869
10/9/10,0.0938
10/10/10,0.0965
10/11/10,0.095
10/12/10,0.0949
10/13/10,0.105
10/14/10,0.102
10/15/10,0.105
10/16/10,0.101
10/17/10,0.102
10/18/10,0.1024
10/19/10,0.097
10/20/10,0.099
10/21/10,0.107
10/22/10,0.1025
10/23/10,0.1055
10/24/10,0.115
10/25/10,0.132
10/26/10,0.1503
10/27/10,0.1877
10/28/10,0.1731
10/29/10,0.19
10/30/10,0.1989
10/31/10,0.1925
11/1/10,0.1955
11/2/10,0.1938
11/3/10,0.1931
11/4/10,0.23
11/5/10,0.26
11/6/10,0.39
11/7/10,0.34
11/8/10,0.243
11/9/10,0.21
11/10/10,0.24
11/11/10,0.2231
11/12/10,0.2682
11/13/10,0.276
11/14/10,0.279
11/15/10,0.2682
11/16/10,0.223
11/17/10,0.2299
11/18/10,0.2678
11/19/10,0.28
11/20/10,0.283
11/21/10,0.2768
11/22/10,0.2879
11/23/10,0.283
11/24/10,0.283
11/25/10,0.28
11/26/10,0.2844
11/27/10,0.283
11/28/10,0.27
11/29/10,0.2299
11/30/10,0.2082
12/1/10,0.2275
12/2/10,0.255
12/3/10,0.2511
12/4/10,0.205
12/5/10,0.19
12/6/10,0.204
12/7/10,0.233
12/8/10,0.2388
12/9/10,0.2
12/10/10,0.204
12/11/10,0.228
12/12/10,0.22
12/13/10,0.2299
12/14/10,0.2467
12/15/10,0.238
12/16/10,0.25
12/17/10,0.24
12/18/10,0.241
12/19/10,0.2401
12/20/10,0.267
12/21/10,0.24
12/22/10,0.25
12/23/10,0.25
12/24/10,0.248
12/25/10,0.2499
12/26/10,0.265
12/27/10,0.265
12/28/10,0.281
12/29/10,0.3
12/30/10,0.3
12/31/10,0.3
1/1/11,0.3
1/2/11,0.3
1/3/11,0.295
1/4/11,0.299
1/5/11,0.299
1/6/11,0.298
1/7/11,0.32
1/8/11,0.3229
1/9/11,0.323
1/10/11,0.3266
1/11/11,0.3266
1/12/11,0.3188
1/13/11,0.3176
1/14/11,0.4
1/15/11,0.386
1/16/11,0.3868
1/17/11,0.3495
1/18/11,0.313
1/19/11,0.313
1/20/11,0.39
1/21/11,0.4199
1/22/11,0.4443
1/23/11,0.4424
1/24/11,0.4199
1/25/11,0.41
1/26/11,0.417
1/27/11,0.4212
1/28/11,0.446
1/29/11,0.439
1/30/11,0.4799
1/31/11,0.52
2/1/11,0.7
2/2/11,0.716
2/3/11,0.69
2/4/11,0.811
2/5/11,0.92
2/6/11,0.8997
2/7/11,0.89
2/8/11,0.918
2/9/11,1.09
2/10/11,0.9803
2/11/11,1.07
2/12/11,1.0799
2/13/11,1.05
2/14/11,1.07
2/15/11,1.05
2/16/11,1.045
2/17/11,1.04
2/18/11,0.8989
2/19/11,0.949
2/20/11,0.85
2/21/11,0.8345
2/22/11,0.8702
2/23/11,0.9
2/24/11,0.9974
2/25/11,0.9111
2/26/11,0.958
2/27/11,0.89
2/28/11,0.86
3/1/11,0.9202
3/2/11,0.9399
3/3/11,0.9391
3/4/11,0.901
3/5/11,0.9103
3/6/11,0.8999
3/7/11,0.885
3/8/11,0.87
3/9/11,0.8645
3/10/11,0.9329
3/11/11,0.88
3/12/11,0.918
3/13/11,0.8925
3/14/11,0.8949
3/15/11,0.87
3/16/11,0.86
3/17/11,0.8254
3/18/11,0.8165
3/19/11,0.765
3/20/11,0.7411
3/21/11,0.759
3/22/11,0.809
3/23/11,0.8497
3/24/11,0.8669
3/25/11,0.8838
3/26/11,0.8552
3/27/11,0.82
3/28/11,0.799
3/29/11,0.7925
3/30/11,0.7897
3/31/11,0.7846
4/1/11,0.7741
4/2/11,0.782
4/3/11,0.779
4/4/11,0.68
4/5/11,0.71
4/6/11,0.74
4/7/11,0.7538
4/8/11,0.75
4/9/11,0.73
4/10/11,0.7369
4/11/11,0.77
4/12/11,0.86
4/13/11,0.9225
4/14/11,1.0
4/15/11,0.9899
4/16/11,1.0499
4/17/11,1.1123
4/18/11,1.162
4/19/11,1.1979
4/20/11,1.1421
4/21/11,1.21
4/22/11,1.409
4/23/11,1.7001
4/24/11,1.6301
4/25/11,1.559
4/26/11,1.7949
4/27/11,1.9
4/28/11,2.2106
4/29/11,2.88
4/30/11,3.5
5/1/11,3.0331
5/2/11,3.2
5/3/11,3.41
5/4/11,3.4061
5/5/11,3.333
5/6/11,3.45
5/7/11,3.641
5/8/11,3.8659
5/9/11,3.8
5/10/11,5.81
5/11/11,5.5
5/12/11,6.3002
5/13/11,8.198
5/14/11,7.1977
5/15/11,6.987
5/16/11,8.0339
5/17/11,7.19
5/18/11,6.88
5/19/11,6.805
5/20/11,5.5904
5/21/11,6.1197
5/22/11,6.6901
5/23/11,7.1499
5/24/11,7.42
5/25/11,8.3997
5/26/11,8.798
5/27/11,8.5002
5/28/11,8.3001
5/29/11,8.4299
5/30/11,8.8
5/31/11,8.741
6/1/11,9.57
6/2/11,10.6
6/3/11,14.29
6/4/11,18.89
6/5/11,16.7
6/6/11,18.5499
6/7/11,23.9234
6/8/11,29.6
6/9/11,28.919
6/10/11,23.9497
6/11/11,14.6511
6/12/11,18.5464
6/13/11,19.84
6/14/11,19.28
6/15/11,19.49
6/16/11,17.0
6/17/11,15.681
6/18/11,16.89
6/19/11,17.51
6/20/11,17.51
6/21/11,17.51
6/22/11,17.51
6/23/11,17.51
6/24/11,17.51
6/25/11,17.51
6/26/11,16.45
6/27/11,16.75
6/28/11,16.9498
6/29/11,16.845
6/30/11,16.101
7/1/11,15.397
7/2/11,15.4
7/3/11,15.4405
7/4/11,13.86
7/5/11,12.9069
7/6/11,14.7835
7/7/11,14.7761
7/8/11,14.314
7/9/11,14.38
7/10/11,14.9
7/11/11,14.2091
7/12/11,14.0094
7/13/11,13.951
7/14/11,13.99
7/15/11,13.81
7/16/11,13.7191
7/17/11,13.16
7/18/11,13.48
7/19/11,13.8502
7/20/11,13.6894
7/21/11,13.61
7/22/11,13.6954
7/23/11,13.68
7/24/11,13.98
7/25/11,14.0478
7/26/11,13.8821
7/27/11,13.9394
7/28/11,13.4901
7/29/11,13.4983
7/30/11,13.5303
7/31/11,13.35
8/1/11,13.0946
8/2/11,12.05
8/3/11,9.26
8/4/11,10.75
8/5/11,9.7999
8/6/11,6.55
8/7/11,7.9
8/8/11,7.7999
8/9/11,9.99
8/10/11,9.98
8/11/11,9.4625
8/12/11,9.4605
8/13/11,10.131
8/14/11,10.7957
8/15/11,11.1498
8/16/11,10.9641
8/17/11,10.9456
8/18/11,10.83
8/19/11,11.65
8/20/11,11.453
8/21/11,11.3113
8/22/11,10.895
8/23/11,10.94
8/24/11,10.8506
8/25/11,9.657
8/26/11,8.1794
8/27/11,8.5902
8/28/11,9.0701
8/29/11,8.969
8/30/11,8.7913
8/31/11,8.1995
9/1/11,8.21
9/2/11,8.64
9/3/11,8.48
9/4/11,8.178
9/5/11,7.611
9/6/11,6.8628
9/7/11,7.1864
9/8/11,6.53
9/9/11,5.03
9/10/11,4.7739
9/11/11,5.8644
9/12/11,6.078
9/13/11,5.8
9/14/11,5.6193
9/15/11,4.84
9/16/11,4.82
9/17/11,4.77
9/18/11,5.2
9/19/11,5.46
9/20/11,6.1119
9/21/11,5.6114
9/22/11,5.4278
9/23/11,5.5451
9/24/11,5.4683
9/25/11,5.33
9/26/11,4.8697
9/27/11,4.9156
9/28/11,4.7725
9/29/11,4.7794
9/30/11,5.1401
10/1/11,5.0324
10/2/11,5.027
10/3/11,5.024
10/4/11,4.96
10/5/11,4.87
10/6/11,4.7344
10/7/11,4.2728
10/8/11,4.0075
10/9/11,4.1029
10/10/11,4.1
10/11/11,3.9308
10/12/11,4.15
10/13/11,4.0462
10/14/11,3.9879
10/15/11,3.8421
10/16/11,3.557
10/17/11,2.56
10/18/11,2.419
10/19/11,2.27
10/20/11,2.348
10/21/11,2.57
10/22/11,3.1588
10/23/11,3.17
10/24/11,2.545
10/25/11,2.77
10/26/11,2.773
10/27/11,3.04
10/28/11,3.19
10/29/11,3.5811
10/30/11,3.27
10/31/11,3.248
11/1/11,3.15
11/2/11,3.2543
11/3/11,3.152
11/4/11,3.109
11/5/11,2.97
11/6/11,2.9596
11/7/11,3.0068
11/8/11,3.035
11/9/11,2.95
11/10/11,2.8399
11/11/11,3.08
11/12/11,3.031
11/13/11,2.9969
11/14/11,2.22
11/15/11,2.329
11/16/11,2.5604
11/17/11,2.25
11/18/11,2.05
11/19/11,2.1959
11/20/11,2.2
11/21/11,2.294
11/22/11,2.3289
11/23/11,2.3321
11/24/11,2.4321
11/25/11,2.5061
11/26/11,2.47
11/27/11,2.4799
11/28/11,2.55
11/29/11,2.7502
11/30/11,2.9701
12/1/11,3.06
12/2/11,3.1151
12/3/11,2.794
12/4/11,2.8281
12/5/11,2.8798
12/6/11,3.03
12/7/11,2.99
12/8/11,2.98
12/9/11,2.97
12/10/11,3.05
12/11/11,3.2511
12/12/11,3.135
12/13/11,3.2499
12/14/11,3.15
12/15/11,3.2
12/16/11,3.2
12/17/11,3.2001
12/18/11,3.193
12/19/11,3.5202
12/20/11,3.95
12/21/11,3.89
12/22/11,3.8901
12/23/11,3.9468
12/24/11,3.94
12/25/11,4.225
12/26/11,4.018
12/27/11,4.07
12/28/11,4.1855
12/29/11,4.166
12/30/11,4.248
12/31/11,4.722
1/1/12,5.2677
1/2/12,5.2168
1/3/12,4.8808
1/4/12,5.5738
1/5/12,6.9476
1/6/12,6.6969
1/7/12,6.81
1/8/12,7.1136
1/9/12,6.3257
1/10/12,6.36
1/11/12,6.9
1/12/12,6.8
1/13/12,6.41
1/14/12,6.75
1/15/12,7.0018
1/16/12,6.6825
1/17/12,5.6
1/18/12,5.92
1/19/12,6.3598
1/20/12,6.4898
1/21/12,6.18
1/22/12,6.3097
1/23/12,6.356
1/24/12,6.2898
1/25/12,5.75
1/26/12,5.34
1/27/12,5.292
1/28/12,5.6267
1/29/12,5.3809
1/30/12,5.4905
1/31/12,5.4838
2/1/12,6.0756
2/2/12,6.1
2/3/12,5.9593
2/4/12,5.8734
2/5/12,5.6888
2/6/12,5.4535
2/7/12,5.69
2/8/12,5.6
2/9/12,5.83
2/10/12,5.9126
2/11/12,5.6005
2/12/12,5.5147
2/13/12,5.26
2/14/12,4.4629
2/15/12,4.3251
2/16/12,4.2739
2/17/12,4.41
2/18/12,4.222
2/19/12,4.3867
2/20/12,4.3615
2/21/12,4.272
2/22/12,4.4247
2/23/12,5.015
2/24/12,5.0288
2/25/12,4.773
2/26/12,4.922
2/27/12,4.956
2/28/12,4.868
2/29/12,4.86
3/1/12,4.9213
3/2/12,4.705
3/3/12,4.6144
3/4/12,4.82
3/5/12,4.9843
3/6/12,4.9901
3/7/12,4.9375
3/8/12,4.9302
3/9/12,4.8611
3/10/12,4.8332
3/11/12,4.91
3/12/12,4.8901
3/13/12,5.27
3/14/12,5.38
3/15/12,5.3266
3/16/12,5.3439
3/17/12,5.2159
3/18/12,5.2794
3/19/12,4.6939
3/20/12,4.8379
3/21/12,4.8149
3/22/12,4.7043
3/23/12,4.686
3/24/12,4.676
3/25/12,4.55
3/26/12,4.6191
3/27/12,4.8113
3/28/12,4.788
3/29/12,4.8084
3/30/12,4.86
3/31/12,4.9087
4/1/12,4.827
4/2/12,4.974
4/3/12,4.952
4/4/12,4.9101
4/5/12,4.919
4/6/12,4.9499
4/7/12,4.6872
4/8/12,4.7925
4/9/12,4.8719
4/10/12,4.8367
4/11/12,4.9279
4/12/12,4.9197
4/13/12,4.94
4/14/12,4.9597
4/15/12,4.9689
4/16/12,4.932
4/17/12,4.9759
4/18/12,5.1178
4/19/12,5.1377
4/20/12,5.35
4/21/12,5.2601
4/22/12,5.2035
4/23/12,4.96
4/24/12,5.0982
4/25/12,5.1318
4/26/12,5.0976
4/27/12,5.1095
4/28/12,4.9794
4/29/12,4.9044
4/30/12,4.9491
5/1/12,5.0
5/2/12,5.0737
5/3/12,5.1344
5/4/12,5.067
5/5/12,5.077
5/6/12,5.0499
5/7/12,5.06
5/8/12,5.05
5/9/12,5.0437
5/10/12,4.85
5/11/12,4.96
5/12/12,4.9462
5/13/12,4.93
5/14/12,5.0059
5/15/12,5.035
5/16/12,5.0887
5/17/12,5.0998
5/18/12,5.118
5/19/12,5.0995
5/20/12,5.09
5/21/12,5.0998
5/22/12,5.0988
5/23/12,5.1397
5/24/12,5.119
5/25/12,5.1455
5/26/12,5.1032
5/27/12,5.139
5/28/12,5.1358
5/29/12,5.15
5/30/12,5.135
5/31/12,5.1801
6/1/12,5.2748
6/2/12,5.249
6/3/12,5.2051
6/4/12,5.266
6/5/12,5.44
6/6/12,5.46
6/7/12,5.591
6/8/12,5.633
6/9/12,5.56
6/10/12,5.4683
6/11/12,5.5747
6/12/12,5.7
6/13/12,5.929
6/14/12,5.9541
6/15/12,6.5
6/16/12,6.4
6/17/12,6.1638
6/18/12,6.31
6/19/12,6.4988
6/20/12,6.67
6/21/12,6.6801
6/22/12,6.5478
6/23/12,6.4285
6/24/12,6.35
6/25/12,6.3048
6/26/12,6.4195
6/27/12,6.647
6/28/12,6.6059
6/29/12,6.65
6/30/12,6.69
7/1/12,6.629
7/2/12,6.76
7/3/12,6.4499
7/4/12,6.5101
7/5/12,6.67
7/6/12,6.6481
7/7/12,6.7621
7/8/12,6.799
7/9/12,7.0215
7/10/12,7.1999
7/11/12,7.15
7/12/12,7.7644
7/13/12,7.6651
7/14/12,7.5421
7/15/12,7.621
7/16/12,8.4996
7/17/12,8.8
7/18/12,9.1098
7/19/12,8.87
7/20/12,8.52
7/21/12,8.8455
7/22/12,8.4096
7/23/12,8.4457
7/24/12,8.6
7/25/12,8.8
7/26/12,8.9
7/27/12,8.9
7/28/12,8.8881
7/29/12,8.7103
7/30/12,9.098
7/31/12,9.35
8/1/12,9.5503
8/2/12,10.53
8/3/12,10.97
8/4/12,10.984
8/5/12,10.87
8/6/12,10.8552
8/7/12,11.1
8/8/12,11.0553
8/9/12,11.0611
8/10/12,11.3864
8/11/12,11.5102
8/12/12,11.624
8/13/12,12.0375
8/14/12,12.19
8/15/12,13.25
8/16/12,13.5
8/17/12,11.5836
8/18/12,11.61
8/19/12,8.0
8/20/12,10.1
8/21/12,9.915
8/22/12,9.8068
8/23/12,10.1
8/24/12,10.6
8/25/12,10.5239
8/26/12,10.61
8/27/12,10.95
8/28/12,10.94
8/29/12,10.9169
8/30/12,10.777
8/31/12,10.16
9/1/12,9.9654
9/2/12,10.2041
9/3/12,10.53
9/4/12,10.3847
9/5/12,10.9997
9/6/12,11.181
9/7/12,11.0
9/8/12,11.037
9/9/12,11.02
9/10/12,11.17
9/11/12,11.3308
9/12/12,11.3649
9/13/12,11.399
9/14/12,11.67
9/15/12,11.75
9/16/12,11.87
9/17/12,11.89
9/18/12,12.25
9/19/12,12.5725
9/20/12,12.2825
9/21/12,12.368
9/22/12,12.2378
9/23/12,12.1933
9/24/12,12.1
9/25/12,12.197
9/26/12,12.27
9/27/12,12.3089
9/28/12,12.391
9/29/12,12.3631
9/30/12,12.4
10/1/12,12.4
10/2/12,12.84
10/3/12,12.89
10/4/12,12.85
10/5/12,12.688
10/6/12,12.505
10/7/12,11.8
10/8/12,11.7781
10/9/12,11.895
10/10/12,12.12
10/11/12,12.03
10/12/12,12.0
10/13/12,11.861
10/14/12,11.7389
10/15/12,11.8381
10/16/12,11.8499
10/17/12,11.81
10/18/12,11.9398
10/19/12,11.7401
10/20/12,11.7399
10/21/12,11.6311
10/22/12,11.7101
10/23/12,11.65
10/24/12,11.65
10/25/12,10.8616
10/26/12,10.1706
10/27/12,10.2605
10/28/12,10.7
10/29/12,10.6
10/30/12,10.8875
10/31/12,11.201
11/1/12,10.57
11/2/12,10.4688
11/3/12,10.6425
11/4/12,10.8001
11/5/12,10.748
11/6/12,10.899
11/7/12,10.92
11/8/12,10.925
11/9/12,10.815
11/10/12,10.89
11/11/12,10.8687
11/12/12,11.008
11/13/12,10.9512
11/14/12,10.95
11/15/12,11.1977
11/16/12,11.7489
11/17/12,11.7889
11/18/12,11.6515
11/19/12,11.7999
11/20/12,11.7328
11/21/12,11.77
11/22/12,12.4219
11/23/12,12.345
11/24/12,12.4115
11/25/12,12.4821
11/26/12,12.2455
11/27/12,12.2
11/28/12,12.3477
11/29/12,12.45
11/30/12,12.565
12/1/12,12.562
12/2/12,12.5
12/3/12,12.679
12/4/12,13.41
12/5/12,13.38
12/6/12,13.299
12/7/12,13.4999
12/8/12,13.4201
12/9/12,13.388
12/10/12,13.4334
12/11/12,13.557
12/12/12,13.6989
12/13/12,13.7001
12/14/12,13.6
12/15/12,13.4901
12/16/12,13.3
12/17/12,13.2501
12/18/12,13.299
12/19/12,13.599
12/20/12,13.5246
12/21/12,13.5
12/22/12,13.3714
12/23/12,13.312
12/24/12,13.38
12/25/12,13.35
12/26/12,13.4679
12/27/12,13.4217
12/28/12,13.4212
12/29/12,13.4
12/30/12,13.45
12/31/12,13.51
1/1/13,13.3041
1/2/13,13.28
1/3/13,13.3979
1/4/13,13.5
1/5/13,13.44
1/6/13,13.454
1/7/13,13.5876
1/8/13,13.7428
1/9/13,13.77
1/10/13,14.14
1/11/13,14.137
1/12/13,14.237
1/13/13,14.116
1/14/13,14.3
1/15/13,14.25
1/16/13,14.73
1/17/13,15.5
1/18/13,15.705
1/19/13,15.615
1/20/13,15.7
1/21/13,16.8
1/22/13,17.2614
1/23/13,17.5
1/24/13,16.896
1/25/13,17.4
1/26/13,17.88
1/27/13,17.8182
1/28/13,18.721
1/29/13,19.5254
1/30/13,19.7
1/31/13,20.41
2/1/13,20.499
2/2/13,19.63
2/3/13,20.59
2/4/13,20.4301
2/5/13,20.6
2/6/13,21.18
2/7/13,22.15
2/8/13,22.66
2/9/13,23.65
2/10/13,23.9698
2/11/13,24.65
2/12/13,25.1698
2/13/13,24.2
2/14/13,27.2205
2/15/13,27.1
2/16/13,27.2158
2/17/13,26.8146
2/18/13,26.95
2/19/13,29.4176
2/20/13,29.645
2/21/13,29.7477
2/22/13,30.2454
2/23/13,29.8
2/24/13,29.89
2/25/13,30.4
2/26/13,31.1
2/27/13,30.9012
2/28/13,33.38
3/1/13,34.5
3/2/13,34.25
3/3/13,34.5
3/4/13,36.152
3/5/13,40.33
3/6/13,41.0201
3/7/13,42.0
3/8/13,44.18
3/9/13,46.85
3/10/13,46.0
3/11/13,48.4
3/12/13,44.2899
3/13/13,46.92
3/14/13,47.1696
3/15/13,46.95
3/16/13,47.0002
3/17/13,47.4
3/18/13,51.6
3/19/13,59.14
3/20/13,64.4888
3/21/13,70.85
3/22/13,69.865
3/23/13,64.35
3/24/13,71.5
3/25/13,73.6
3/26/13,78.5
3/27/13,88.92
3/28/13,86.18
3/29/13,90.5
3/30/13,92.19
3/31/13,93.03
4/1/13,104.0
4/2/13,117.98
4/3/13,135.0
4/4/13,132.12
4/5/13,142.3236
4/6/13,142.6311
4/7/13,162.301
4/8/13,187.5
4/9/13,230.0
4/10/13,165.0
4/11/13,124.9
4/12/13,117.0
4/13/13,93.0
4/14/13,90.0
4/15/13,82.386
4/16/13,68.3557
4/17/13,93.07
4/18/13,109.01
4/19/13,118.48
4/20/13,126.6155
4/21/13,119.2
4/22/13,127.4
4/23/13,143.475
4/24/13,154.2
4/25/13,141.71
4/26/13,136.9
4/27/13,128.0001
4/28/13,134.4444
4/29/13,143.9999
4/30/13,139.2269
5/1/13,116.38
5/2/13,106.25
5/3/13,98.1
5/4/13,112.9
5/5/13,115.98
5/6/13,112.25
5/7/13,109.6001
5/8/13,113.2
5/9/13,112.799
5/10/13,117.7
5/11/13,115.64
5/12/13,114.82
5/13/13,117.9797
5/14/13,111.4
5/15/13,114.22
5/16/13,118.21
5/17/13,123.5
5/18/13,123.211
5/19/13,122.5
5/20/13,122.02
5/21/13,122.89
5/22/13,123.8
5/23/13,126.3
5/24/13,133.1
5/25/13,131.986
5/26/13,133.5
5/27/13,129.77
5/28/13,129.0
5/29/13,132.25
5/30/13,128.799
5/31/13,128.8151
6/1/13,129.3
6/2/13,122.5
6/3/13,120.7372
6/4/13,121.4
6/5/13,121.9
6/6/13,118.9699
6/7/13,111.0
6/8/13,107.8924
6/9/13,100.4374
6/10/13,106.35
6/11/13,109.0
6/12/13,108.7759
6/13/13,103.949
6/14/13,100.0
6/15/13,99.8
6/16/13,99.9
6/17/13,101.95
6/18/13,107.35
6/19/13,108.251
6/20/13,111.29
6/21/13,109.5
6/22/13,108.2
6/23/13,107.9
6/24/13,102.09
6/25/13,103.3293
6/26/13,104.0
6/27/13,101.7368
6/28/13,94.66
6/29/13,94.999
6/30/13,97.51
7/1/13,84.6069
7/2/13,87.6562
7/3/13,76.8901
7/4/13,77.685
7/5/13,66.34
7/6/13,66.855
7/7/13,72.5053
7/8/13,74.56
7/9/13,74.225
7/10/13,84.515
7/11/13,91.22
7/12/13,88.465
7/13/13,91.3888
7/14/13,90.3713
7/15/13,93.14
7/16/13,92.7415
7/17/13,90.5425
7/18/13,85.4298
7/19/13,85.7775
7/20/13,85.6675
7/21/13,85.4725
7/22/13,86.0862
7/23/13,86.9389
7/24/13,87.4575
7/25/13,89.41
7/26/13,90.6325
7/27/13,89.0975
7/28/13,92.1
7/29/13,93.2981
7/30/13,96.31
7/31/13,97.915
8/1/13,96.4175
8/2/13,97.24
8/3/13,96.66
8/4/13,96.6
8/5/13,96.92
8/6/13,97.1331
8/7/13,96.92
8/8/13,94.775
8/9/13,93.36
8/10/13,93.2875
8/11/13,94.1625
8/12/13,95.085
8/13/13,97.9021
8/14/13,97.96
8/15/13,97.545
8/16/13,98.33
8/17/13,99.565
8/18/13,98.845
8/19/13,102.2997
8/20/13,105.0125
8/21/13,111.445
8/22/13,109.73
8/23/13,107.5475
8/24/13,108.6875
8/25/13,111.795
8/26/13,112.23
8/27/13,117.4461
8/28/13,117.59
8/29/13,117.5227
8/30/13,123.2332
8/31/13,129.46
9/1/13,128.2597
9/2/13,127.3648
9/3/13,127.5915
9/4/13,120.5738
9/5/13,120.5333
9/6/13,116.321
9/7/13,119.0547
9/8/13,116.595
9/9/13,120.0188
9/10/13,121.458
9/11/13,125.4518
9/12/13,125.7598
9/13/13,126.5072
9/14/13,124.0813
9/15/13,124.5783
9/16/13,125.0618
9/17/13,125.9683
9/18/13,126.3045
9/19/13,124.1937
9/20/13,122.9008
9/21/13,122.6435
9/22/13,122.651
9/23/13,122.2235
9/24/13,122.5383
9/25/13,123.423
9/26/13,123.4763
9/27/13,123.4983
9/28/13,124.7483
9/29/13,125.1807
9/30/13,123.0983
10/1/13,125.4938
10/2/13,99.8135
10/3/13,116.8168
10/4/13,121.2945
10/5/13,121.1398
10/6/13,121.6828
10/7/13,123.245
10/8/13,124.3182
10/9/13,125.8423
10/10/13,125.6982
10/11/13,125.5117
10/12/13,126.5232
10/13/13,130.4155
10/14/13,133.0355
10/15/13,138.6417
10/16/13,137.4188
10/17/13,142.735
10/18/13,149.5947
10/19/13,159.8115
10/20/13,163.0632
10/21/13,174.1772
10/22/13,183.8648
10/23/13,200.62
10/24/13,183.1482
10/25/13,178.1217
10/26/13,175.9008
10/27/13,185.6888
10/28/13,187.8683
10/29/13,198.1932
10/30/13,194.5493
10/31/13,198.2263
11/1/13,198.5098
11/2/13,200.8473
11/3/13,207.6335
11/4/13,225.196
11/5/13,239.29
11/6/13,253.6933
11/7/13,283.3023
11/8/13,323.767
11/9/13,336.1358
11/10/13,311.9005
11/11/13,332.6263
11/12/13,349.3425
11/13/13,393.2795
11/14/13,410.723
11/15/13,409.1675
11/16/13,428.8238
11/17/13,476.295
11/18/13,674.3768
11/19/13,541.8257
11/20/13,572.6675
11/21/13,695.8668
11/22/13,747.4818
11/23/13,776.6998
11/24/13,751.377
11/25/13,778.6753
11/26/13,899.2
11/27/13,948.4088
11/28/13,1037.755
11/29/13,1120.3971
11/30/13,1124.7631
12/1/13,946.9237
12/2/13,1038.3485
12/3/13,1068.6675
12/4/13,1147.2457
12/5/13,1042.0267
12/6/13,834.0262
12/7/13,694.4709
12/8/13,795.3968
12/9/13,898.0222
12/10/13,989.9975
12/11/13,883.2617
12/12/13,875.7474
12/13/13,898.2112
12/14/13,867.495
12/15/13,879.4692
12/16/13,712.508
12/17/13,683.8408
12/18/13,522.2288
12/19/13,698.4503
12/20/13,622.8418
12/21/13,608.9638
12/22/13,617.8158
12/23/13,673.1677
12/24/13,667.6203
12/25/13,687.3557
12/26/13,765.2067
12/27/13,746.7232
12/28/13,730.4715
12/29/13,745.0712
12/30/13,754.7645
12/31/13,757.4953
1/1/14,770.4357
1/2/14,808.0485
1/3/14,830.024
1/4/14,858.9833
1/5/14,940.0972
1/6/14,951.3865
1/7/14,810.5833
1/8/14,859.9485
1/9/14,860.895
1/10/14,884.6667
1/11/14,930.905
1/12/14,873.2635
1/13/14,857.9564
1/14/14,851.828
1/15/14,874.713
1/16/14,847.3735
1/17/14,828.222
1/18/14,843.7583
1/19/14,878.6807
1/20/14,871.0483
1/21/14,874.2885
1/22/14,863.95
1/23/14,854.3475
1/24/14,825.1221
1/25/14,861.8516
1/26/14,880.1523
1/27/14,814.5302
1/28/14,833.9395
1/29/14,837.5148
1/30/14,845.8467
1/31/14,848.2875
2/1/14,853.0164
2/2/14,854.375
2/3/14,846.9048
2/4/14,842.0123
2/5/14,820.867
2/6/14,783.6211
2/7/14,703.567
2/8/14,676.9094
2/9/14,681.9371
2/10/14,679.7338
2/11/14,669.4418
2/12/14,648.3835
2/13/14,598.4075
2/14/14,656.6068
2/15/14,645.43
2/16/14,610.6525
2/17/14,621.494
2/18/14,621.2235
2/19/14,617.71
2/20/14,552.2138
2/21/14,569.0425
2/22/14,604.7473
2/23/14,604.5823
2/24/14,545.3225
2/25/14,534.7108
2/26/14,577.0858
2/27/14,576.698
2/28/14,543.9265
3/1/14,563.7358
3/2/14,560.3045
3/3/14,661.1225
3/4/14,663.598
3/5/14,661.7858
3/6/14,658.7245
3/7/14,625.8278
3/8/14,615.24
3/9/14,633.1825
3/10/14,625.8285
3/11/14,628.9543
3/12/14,631.3913
3/13/14,638.165
3/14/14,626.7067
3/15/14,633.6652
3/16/14,630.7167
3/17/14,621.2225
3/18/14,613.6315
3/19/14,608.8157
3/20/14,586.5898
3/21/14,570.7705
3/22/14,564.4215
3/23/14,561.3534
3/24/14,586.2718
3/25/14,582.2802
3/26/14,579.0722
3/27/14,478.1595
3/28/14,502.4399
3/29/14,493.1803
3/30/14,461.8695
3/31/14,458.4972
4/1/14,478.7163
4/2/14,437.515
4/3/14,447.0822
4/4/14,448.8792
4/5/14,464.8259
4/6/14,460.7028
4/7/14,446.2195
4/8/14,450.4638
4/9/14,440.1983
4/10/14,360.8407
4/11/14,420.0563
4/12/14,420.66
4/13/14,414.9495
4/14/14,457.6338
4/15/14,520.1233
4/16/14,529.1625
4/17/14,494.4
4/18/14,478.2312
4/19/14,501.5515
4/20/14,497.3177
4/21/14,493.0921
4/22/14,484.429
4/23/14,486.9317
4/24/14,500.2568
4/25/14,459.6104
4/26/14,456.1395
4/27/14,429.6537
4/28/14,437.0587
4/29/14,444.2533
4/30/14,445.8655
5/1/14,456.2673
5/2/14,446.6438
5/3/14,436.9381
5/4/14,434.0643
5/5/14,429.7242
5/6/14,426.992
5/7/14,436.9605
5/8/14,435.343
5/9/14,448.235
5/10/14,452.7108
5/11/14,436.542
5/12/14,438.4278
5/13/14,437.413
5/14/14,441.7498
5/15/14,444.3162
5/16/14,445.0133
5/17/14,446.3583
5/18/14,444.809
5/19/14,444.3128
5/20/14,485.8305
5/21/14,489.1625
5/22/14,526.0577
5/23/14,519.0392
5/24/14,525.6332
5/25/14,570.095
5/26/14,581.8267
5/27/14,569.6332
5/28/14,574.4547
5/29/14,565.5058
5/30/14,616.47
5/31/14,623.2567
6/1/14,629.0242
6/2/14,658.786
6/3/14,665.73
6/4/14,636.7837
6/5/14,656.0598
6/6/14,645.5647
6/7/14,652.7083
6/8/14,653.6402
6/9/14,645.341
6/10/14,649.8068
6/11/14,627.9098
6/12/14,581.8033
6/13/14,597.4267
6/14/14,571.6902
6/15/14,591.9718
6/16/14,588.06
6/17/14,607.3427
6/18/14,604.8752
6/19/14,592.2648
6/20/14,588.5215
6/21/14,591.0298
6/22/14,598.8765
6/23/14,587.4598
6/24/14,575.0667
6/25/14,562.1263
6/26/14,579.3842
6/27/14,600.8645
6/28/14,591.994
6/29/14,598.6032
6/30/14,639.3623
7/1/14,635.5905
7/2/14,647.34
7/3/14,640.6879
7/4/14,626.9575
7/5/14,628.3313
7/6/14,631.7065
7/7/14,617.9918
7/8/14,620.2193
7/9/14,620.5496
7/10/14,615.1129
7/11/14,631.1804
7/12/14,634.4775
7/13/14,627.5759
7/14/14,618.3798
7/15/14,619.3558
7/16/14,615.2039
7/17/14,622.6234
7/18/14,628.2156
7/19/14,625.8011
7/20/14,621.3725
7/21/14,620.0103
7/22/14,618.8076
7/23/14,617.9274
7/24/14,600.0065
7/25/14,599.928
7/26/14,593.8526
7/27/14,590.9454
7/28/14,584.6931
7/29/14,582.2034
7/30/14,564.37
7/31/14,581.3501
8/1/14,595.0845
8/2/14,587.2878
8/3/14,585.5078
8/4/14,586.7639
8/5/14,583.1125
8/6/14,583.0355
8/7/14,587.3971
8/8/14,590.5324
8/9/14,588.095
8/10/14,589.45
8/11/14,573.3066
8/12/14,568.2099
8/13/14,544.5681
8/14/14,508.5536
8/15/14,496.6164
8/16/14,519.8314
8/17/14,492.9513
8/18/14,460.6719
8/19/14,486.736
8/20/14,511.9259
8/21/14,516.1605
8/22/14,513.9419
8/23/14,497.2185
8/24/14,508.5735
8/25/14,501.6296
8/26/14,513.4704
8/27/14,510.43
8/28/14,507.0154
8/29/14,508.4224
8/30/14,501.2031
8/31/14,478.0734
9/1/14,474.1346
9/2/14,475.3181
9/3/14,474.537
9/4/14,489.0865
9/5/14,480.501
9/6/14,482.2371
9/7/14,479.4833
9/8/14,472.1479
9/9/14,471.5576
9/10/14,477.5273
9/11/14,476.3349
9/12/14,473.8254
9/13/14,477.0861
9/14/14,474.715
9/15/14,471.3586
9/16/14,463.7388
9/17/14,454.9143
9/18/14,421.4594
9/19/14,391.9439
9/20/14,406.8248
9/21/14,396.567
9/22/14,398.8854
9/23/14,435.3779
9/24/14,422.2984
9/25/14,408.7985
9/26/14,401.9203
9/27/14,398.3571
9/28/14,376.1983
9/29/14,374.7344
9/30/14,386.2687
10/1/14,381.3324
10/2/14,371.9859
10/3/14,356.5566
10/4/14,325.4921
10/5/14,319.6406
10/6/14,328.4594
10/7/14,334.0911
10/8/14,352.7889
10/9/14,363.7751
10/10/14,358.6859
10/11/14,359.2029
10/12/14,376.1891
10/13/14,388.377
10/14/14,398.7068
10/15/14,391.8433
10/16/14,380.0801
10/17/14,380.4216
10/18/14,388.9618
10/19/14,386.5889
10/20/14,379.3713
10/21/14,382.377
10/22/14,379.0963
10/23/14,355.8614
10/24/14,355.1695
10/25/14,346.1126
10/26/14,351.5414
10/27/14,348.9613
10/28/14,351.8971
10/29/14,333.3788
10/30/14,343.7828
10/31/14,336.7995
11/1/14,325.3865
11/2/14,323.7426
11/3/14,324.2303
11/4/14,328.2833
11/5/14,337.139
11/6/14,348.235
11/7/14,341.0795
11/8/14,344.034
11/9/14,363.3062
11/10/14,365.2897
11/11/14,366.9933
11/12/14,427.2403
11/13/14,417.1528
11/14/14,398.4273
11/15/14,375.1288
11/16/14,388.5542
11/17/14,385.8593
11/18/14,372.377
11/19/14,377.2368
11/20/14,356.1388
11/21/14,348.8617
11/22/14,352.0417
11/23/14,366.7687
11/24/14,375.2355
11/25/14,375.7174
11/26/14,368.5104
11/27/14,369.1426
11/28/14,375.8489
11/29/14,375.2228
11/30/14,377.0901
12/1/14,378.6444
12/2/14,381.5364
12/3/14,374.9728
12/4/14,369.155
12/5/14,376.0361
12/6/14,374.0196
12/7/14,374.2558
12/8/14,360.9419
12/9/14,351.2694
12/10/14,344.6171
12/11/14,347.1331
12/12/14,350.9412
12/13/14,347.4713
12/14/14,351.1439
12/15/14,345.0961
12/16/14,326.0815
12/17/14,319.1713
12/18/14,310.7458
12/19/14,317.006
12/20/14,329.5742
12/21/14,319.2411
12/22/14,330.6709
12/23/14,334.0467
12/24/14,321.8843
12/25/14,318.6118
12/26/14,327.1582
12/27/14,315.167
12/28/14,316.7959
12/29/14,312.4412
12/30/14,309.8708
12/31/14,319.6958
1/1/15,313.9247
1/2/15,314.5916
1/3/15,279.8507
1/4/15,263.6343
1/5/15,272.9486
1/6/15,285.5759
1/7/15,294.8778
1/8/15,283.2513
1/9/15,288.8441
1/10/15,274.0668
1/11/15,265.3692
1/12/15,267.0873
1/13/15,226.9823
1/14/15,177.2795
1/15/15,210.4636
1/16/15,207.2243
1/17/15,199.625
1/18/15,209.932
1/19/15,213.9783
1/20/15,210.4817
1/21/15,225.9816
1/22/15,232.6616
1/23/15,232.9673
1/24/15,247.9855
1/25/15,254.5073
1/26/15,271.9491
1/27/15,262.0605
1/28/15,233.2087
1/29/15,232.4048
1/30/15,226.5033
1/31/15,216.9137
2/1/15,226.3959
2/2/15,237.5409
2/3/15,226.9566
2/4/15,226.7291
2/5/15,216.7714
2/6/15,222.4823
2/7/15,227.3275
2/8/15,222.8677
2/9/15,220.1743
2/10/15,220.0829
2/11/15,219.4922
2/12/15,221.8513
2/13/15,235.7869
2/14/15,257.4741
2/15/15,234.3292
2/16/15,233.5618
2/17/15,243.5983
2/18/15,236.2137
2/19/15,239.835
2/20/15,243.7756
2/21/15,244.2557
2/22/15,235.5299
2/23/15,238.0845
2/24/15,238.7601
2/25/15,237.2513
2/26/15,236.0951
2/27/15,252.5111
2/28/15,253.5283
3/1/15,258.7425
3/2/15,271.3525
3/3/15,281.4497
3/4/15,271.9222
3/5/15,274.865
3/6/15,272.2111
3/7/15,275.8898
3/8/15,274.4754
3/9/15,288.5161
3/10/15,290.512
3/11/15,295.8301
3/12/15,293.8671
3/13/15,284.2838
3/14/15,281.3615
3/15/15,285.3415
3/16/15,290.3763
3/17/15,284.4553
3/18/15,255.3662
3/19/15,259.7404
3/20/15,260.838
3/21/15,259.6162
3/22/15,267.7968
3/23/15,265.9432
3/24/15,245.4422
3/25/15,246.1339
3/26/15,247.648
3/27/15,246.5814
3/28/15,252.252
3/29/15,242.0165
3/30/15,246.852
3/31/15,243.3894
4/1/15,246.5548
4/2/15,252.2566
4/3/15,253.5439
4/4/15,253.1206
4/5/15,259.9451
4/6/15,254.5187
4/7/15,252.7965
4/8/15,244.3604
4/9/15,243.2604
4/10/15,235.2201
4/11/15,236.117
4/12/15,235.6352
4/13/15,223.4056
4/14/15,218.2741
4/15/15,223.5659
4/16/15,228.107
4/17/15,222.2325
4/18/15,222.843
4/19/15,221.6913
4/20/15,224.3076
4/21/15,235.815
4/22/15,233.923
4/23/15,235.5616
4/24/15,230.786
4/25/15,225.8529
4/26/15,218.815
4/27/15,228.4994
4/28/15,225.6763
4/29/15,225.9764
4/30/15,236.5704
5/1/15,232.1241
5/2/15,234.9045
5/3/15,240.1203
5/4/15,238.7688
5/5/15,236.5532
5/6/15,230.0478
5/7/15,237.7829
5/8/15,243.3946
5/9/15,240.4825
5/10/15,239.6312
5/11/15,241.8539
5/12/15,240.99
5/13/15,235.7981
5/14/15,236.739
5/15/15,237.3101
5/16/15,235.7265
5/17/15,236.0996
5/18/15,232.8655
5/19/15,231.9434
5/20/15,234.2455
5/21/15,235.3048
5/22/15,240.519
5/23/15,239.0331
5/24/15,241.1864
5/25/15,237.4879
5/26/15,237.3271
5/27/15,237.1847
5/28/15,237.4716
5/29/15,237.1049
5/30/15,233.2939
5/31/15,229.9992
6/1/15,223.3086
6/2/15,225.7461
6/3/15,225.6452
6/4/15,224.371
6/5/15,225.0357
6/6/15,225.6791
6/7/15,223.3896
6/8/15,228.6452
6/9/15,229.3327
6/10/15,228.9521
6/11/15,230.0189
6/12/15,230.2041
6/13/15,232.7533
6/14/15,233.8536
6/15/15,237.3096
6/16/15,250.8977
6/17/15,249.1681
6/18/15,248.8732
6/19/15,243.547
6/20/15,245.2612
6/21/15,244.01
6/22/15,246.77
6/23/15,243.9862
6/24/15,240.2155
6/25/15,242.422
6/26/15,242.6424
6/27/15,250.7066
6/28/15,248.0673
6/29/15,256.4875
6/30/15,262.4843
7/1/15,257.6604
7/2/15,254.3505
7/3/15,255.5961
7/4/15,260.3488
7/5/15,271.0153
7/6/15,268.4935
7/7/15,264.9566
7/8/15,269.6459
7/9/15,268.1134
7/10/15,283.881
7/11/15,291.6873
7/12/15,309.9778
7/13/15,290.8811
7/14/15,286.1856
7/15/15,283.8231
7/16/15,277.8273
7/17/15,278.4883
7/18/15,274.4938
7/19/15,272.4889
7/20/15,278.4139
7/21/15,275.0995
7/22/15,276.6174
7/23/15,275.6266
7/24/15,287.9738
7/25/15,288.1343
7/26/15,291.6372
7/27/15,292.7306
7/28/15,293.7851
7/29/15,288.7681
7/30/15,287.2898
7/31/15,283.9417
8/1/15,280.0371
8/2/15,281.65
8/3/15,280.4796
8/4/15,284.5033
8/5/15,281.3783
8/6/15,278.2516
8/7/15,279.0303
8/8/15,260.2
8/9/15,264.4388
8/10/15,263.7615
8/11/15,270.9167
8/12/15,265.6418
8/13/15,263.3371
8/14/15,264.8686
8/15/15,260.7343
8/16/15,257.6735
8/17/15,256.984
8/18/15,219.0045
8/19/15,225.3944
8/20/15,234.6873
8/21/15,231.9406
8/22/15,229.7444
8/23/15,227.589
8/24/15,209.1322
8/25/15,221.7118
8/26/15,225.3798
8/27/15,224.261
8/28/15,230.9825
8/29/15,229.7562
8/30/15,228.6088
8/31/15,230.0173
9/1/15,227.3469
9/2/15,228.8551
9/3/15,226.765
9/4/15,230.0851
9/5/15,234.6771
9/6/15,239.4383
9/7/15,240.0202
9/8/15,243.5473
9/9/15,238.2916
9/10/15,238.5896
9/11/15,240.0838
9/12/15,234.8185
9/13/15,230.328
9/14/15,230.2406
9/15/15,229.9241
9/16/15,228.7976
9/17/15,232.7924
9/18/15,232.7167
9/19/15,231.2382
9/20/15,230.8605
9/21/15,226.6056
9/22/15,230.5237
9/23/15,229.9556
9/24/15,234.2833
9/25/15,234.8379
9/26/15,234.2083
9/27/15,232.8486
9/28/15,239.3428
9/29/15,236.6214
9/30/15,236.2455
10/1/15,237.5698
10/2/15,237.4021
10/3/15,239.0891
10/4/15,238.6874
10/5/15,240.5872
10/6/15,246.4218
10/7/15,243.2664
10/8/15,242.6905
10/9/15,244.3213
10/10/15,245.3313
10/11/15,247.5253
10/12/15,245.5856
10/13/15,249.9352
10/14/15,252.5949
10/15/15,254.8133
10/16/15,262.9353
10/17/15,271.2039
10/18/15,262.9003
10/19/15,264.4158
10/20/15,270.2188
10/21/15,267.3272
10/22/15,274.4108
10/23/15,277.4554
10/24/15,282.6605
10/25/15,283.0717
10/26/15,286.1325
10/27/15,294.3998
10/28/15,303.8866
10/29/15,313.5861
10/30/15,326.0045
10/31/15,312.4321
11/1/15,325.082
11/2/15,359.3523
11/3/15,400.7063
11/4/15,408.7414
11/5/15,387.51
11/6/15,374.95
11/7/15,384.8
11/8/15,373.487
11/9/15,380.043
11/10/15,337.932
11/11/15,312.578
11/12/15,336.856
11/13/15,337.292
11/14/15,333.553
11/15/15,319.9283
11/16/15,331.59
11/17/15,335.77
11/18/15,334.973
11/19/15,326.315
11/20/15,321.988
11/21/15,327.174
11/22/15,324.344
11/23/15,323.257
11/24/15,320.161
11/25/15,328.983
11/26/15,353.304
11/27/15,358.185
11/28/15,357.663
11/29/15,371.864
11/30/15,376.907
12/1/15,362.729
12/2/15,359.43
12/3/15,361.308
12/4/15,363.4825
12/5/15,388.861
12/6/15,388.458
12/7/15,395.865
12/8/15,418.136
12/9/15,418.036
12/10/15,415.252
12/11/15,453.9
12/12/15,435.897
12/13/15,433.537
12/14/15,443.839
12/15/15,465.502
12/16/15,455.375
12/17/15,455.987
12/18/15,463.844
12/19/15,462.226
12/20/15,442.496
12/21/15,437.761
12/22/15,435.5
12/23/15,442.839
12/24/15,454.848
12/25/15,455.312
12/26/15,417.216
12/27/15,422.523
12/28/15,421.265
12/29/15,432.618
12/30/15,426.145
12/31/15,430.05
1/1/16,434.463
1/2/16,433.586
1/3/16,430.361
1/4/16,433.493
1/5/16,432.253
1/6/16,429.464
1/7/16,458.28
1/8/16,453.37
1/9/16,449.143
1/10/16,448.964
1/11/16,448.385
1/12/16,432.884
1/13/16,432.04
1/14/16,429.729
1/15/16,358.766
1/16/16,387.665
1/17/16,380.208
1/18/16,385.844
1/19/16,377.745
1/20/16,418.742
1/21/16,409.945
1/22/16,381.761
1/23/16,386.191
1/24/16,402.61
1/25/16,390.663
1/26/16,391.43
1/27/16,394.629
1/28/16,379.384
1/29/16,378.2
1/30/16,376.937
1/31/16,367.135
2/1/16,371.248
2/2/16,372.877
2/3/16,368.933
2/4/16,388.612
2/5/16,385.338
2/6/16,375.405
2/7/16,375.284
2/8/16,371.101
2/9/16,373.321
2/10/16,379.96
2/11/16,377.72
2/12/16,383.126
2/13/16,392.182
2/14/16,406.738
2/15/16,399.485
2/16/16,407.361
2/17/16,415.561
2/18/16,421.637
2/19/16,420.334
2/20/16,436.517
2/21/16,438.985
2/22/16,438.072
2/23/16,419.981
2/24/16,424.362
2/25/16,423.517
2/26/16,432.064
2/27/16,432.138
2/28/16,432.64
2/29/16,436.608
3/1/16,433.637
3/2/16,421.598
3/3/16,419.466
3/4/16,407.982
3/5/16,397.833
3/6/16,404.55
3/7/16,412.982
3/8/16,411.758
3/9/16,412.618
3/10/16,416.16
3/11/16,419.887
3/12/16,410.132
3/13/16,412.291
3/14/16,415.091
3/15/16,415.383
3/16/16,416.253
3/17/16,418.452
3/18/16,408.036
3/19/16,408.52
3/20/16,410.751
3/21/16,411.423
3/22/16,416.926
3/23/16,417.386
3/24/16,414.341
3/25/16,415.687
3/26/16,416.73
3/27/16,425.378
3/28/16,422.756
3/29/16,415.553
3/30/16,412.69
3/31/16,415.161
4/1/16,417.009
4/2/16,419.686
4/3/16,419.385
4/4/16,419.416
4/5/16,422.653
4/6/16,421.7
4/7/16,421.204
4/8/16,418.089
4/9/16,418.419
4/10/16,421.111
4/11/16,422.99
4/12/16,425.99
4/13/16,424.401
4/14/16,425.106
4/15/16,429.98
4/16/16,430.837
4/17/16,427.862
4/18/16,429.054
4/19/16,436.105
4/20/16,442.156
4/21/16,451.102
4/22/16,447.636
4/23/16,452.584
4/24/16,460.327
4/25/16,462.51
4/26/16,467.803
4/27/16,445.012
4/28/16,449.856
4/29/16,456.35
4/30/16,449.333
5/1/16,453.042
5/2/16,444.513
5/3/16,450.274
5/4/16,446.962
5/5/16,448.527
5/6/16,460.374
5/7/16,459.465
5/8/16,459.437
5/9/16,461.491
5/10/16,450.987
5/11/16,452.113
5/12/16,454.818
5/13/16,455.735
5/14/16,455.753
5/15/16,457.848
5/16/16,453.41
5/17/16,452.746
5/18/16,453.378
5/19/16,436.729
5/20/16,442.953
5/21/16,443.135
5/22/16,438.773
5/23/16,443.734
5/24/16,445.13
5/25/16,449.234
5/26/16,453.819
5/27/16,473.467
5/28/16,525.433
5/29/16,524.083
5/30/16,532.586
5/31/16,531.797
6/1/16,536.424
6/2/16,538.145
6/3/16,570.471
6/4/16,573.45
6/5/16,574.106
6/6/16,585.531
6/7/16,577.856
6/8/16,583.105
6/9/16,576.454
6/10/16,579.131
6/11/16,611.777
6/12/16,675.343
6/13/16,705.619
6/14/16,685.989
6/15/16,696.323
6/16/16,768.242
6/17/16,747.554
6/18/16,755.684
6/19/16,764.045
6/20/16,727.949
6/21/16,665.876
6/22/16,602.887
6/23/16,625.495
6/24/16,665.162
6/25/16,665.329
6/26/16,630.246
6/27/16,658.399
6/28/16,646.304
6/29/16,639.082
6/30/16,672.485
7/1/16,676.523
7/2/16,703.686
7/3/16,659.688
7/4/16,681.63
7/5/16,668.092
7/6/16,676.113
7/7/16,639.761
7/8/16,664.743
7/9/16,650.627
7/10/16,649.962
7/11/16,649.027
7/12/16,664.839
7/13/16,653.934
7/14/16,659.636
7/15/16,664.876
7/16/16,663.541
7/17/16,679.051
7/18/16,673.594
7/19/16,673.843
7/20/16,666.18
7/21/16,665.099
7/22/16,650.822
7/23/16,654.862
7/24/16,661.05
7/25/16,655.135
7/26/16,651.077
7/27/16,655.442
7/28/16,655.627
7/29/16,656.669
7/30/16,654.976
7/31/16,625.881
8/1/16,607.374
8/2/16,552.821
8/3/16,565.2638
8/4/16,578.3213
8/5/16,574.9563
8/6/16,588.4225
8/7/16,592.78
8/8/16,590.6225
8/9/16,584.7588
8/10/16,592.8925
8/11/16,586.525
8/12/16,586.0263
8/13/16,585.0813
8/14/16,571.4438
8/15/16,567.2025
8/16/16,576.2488
8/17/16,571.745
8/18/16,572.5025
8/19/16,573.6638
8/20/16,580.7025
8/21/16,580.69
8/22/16,584.7325
8/23/16,581.2813
8/24/16,577.995
8/25/16,575.7338
8/26/16,578.1563
8/27/16,568.6663
8/28/16,573.555
8/29/16,572.3613
8/30/16,575.9988
8/31/16,572.3338
9/1/16,571.6938
9/2/16,574.1475
9/3/16,598.3838
9/4/16,608.9175
9/5/16,606.0275
9/6/16,611.07
9/7/16,614.7875
9/8/16,624.9488
9/9/16,621.7963
9/10/16,622.2125
9/11/16,605.8088
9/12/16,606.3075
9/13/16,606.9213
9/14/16,608.22
9/15/16,605.21
9/16/16,606.3338
9/17/16,605.2938
9/18/16,608.6988
9/19/16,608.5275
9/20/16,599.4738
9/21/16,595.7988
9/22/16,595.035
9/23/16,601.7138
9/24/16,601.3413
9/25/16,599.1763
9/26/16,606.8125
9/27/16,604.7625
9/28/16,603.5188
9/29/16,605.0588
9/30/16,608.4375
10/1/16,613.9338
10/2/16,610.2913
10/3/16,612.3375
10/4/16,609.375
10/5/16,610.885
10/6/16,610.9
10/7/16,616.4888
10/8/16,616.5963
10/9/16,614.6238
10/10/16,617.4225
10/11/16,639.3738
10/12/16,635.0813
10/13/16,635.02
10/14/16,638.3675
10/15/16,637.3713
10/16/16,639.8275
10/17/16,636.92
10/18/16,635.5088
10/19/16,628.1538
10/20/16,628.6225
10/21/16,630.1538
10/22/16,652.715
10/23/16,649.245
10/24/16,648.3988
10/25/16,652.895
10/26/16,674.3575
10/27/16,686.52
10/28/16,688.0963
10/29/16,712.87
10/30/16,696.3538
10/31/16,697.3688
11/1/16,729.2713
11/2/16,742.465
11/3/16,687.5075
11/4/16,702.5375
11/5/16,704.1638
11/6/16,712.2363
11/7/16,704.0188
11/8/16,709.1525
11/9/16,721.1913
11/10/16,713.6675
11/11/16,716.5563
11/12/16,703.5463
11/13/16,702.5038
11/14/16,706.395
11/15/16,711.9563
11/16/16,742.07
11/17/16,735.4063
11/18/16,749.6775
11/19/16,750.6325
11/20/16,728.6075
11/21/16,736.7163
11/22/16,748.225
11/23/16,741.5963
11/24/16,736.3988
11/25/16,738.2775
11/26/16,732.8238
11/27/16,728.425
11/28/16,731.7463
11/29/16,731.765
11/30/16,742.0075
12/1/16,753.255
12/2/16,771.4075
12/3/16,764.9725
12/4/16,766.4638
12/5/16,750.7088
12/6/16,758.81
12/7/16,763.8975
12/8/16,766.7513
12/9/16,770.415
12/10/16,773.2113
12/11/16,768.6213
12/12/16,777.9113
12/13/16,775.25
12/14/16,776.6363
12/15/16,775.48
12/16/16,780.85
12/17/16,788.5763
12/18/16,788.5888
12/19/16,790.1563
12/20/16,798.785
12/21/16,833.1025
12/22/16,858.7363
12/23/16,916.7875
12/24/16,894.2025
12/25/16,894.4825
12/26/16,902.5538
12/27/16,931.1138
12/28/16,978.0088
12/29/16,969.625
12/30/16,960.4713
12/31/16,968.2275
1/1/17,997.6888
1/2/17,1018.05
1/3/17,1030.8175
1/4/17,1129.87
1/5/17,1005.815
1/6/17,895.67
1/7/17,905.17
1/8/17,913.5238
1/9/17,899.35
1/10/17,904.7925
1/11/17,775.9813
1/12/17,802.8288
1/13/17,826.1213
1/14/17,818.6388
1/15/17,822.4225
1/16/17,830.2638
1/17/17,904.4538
1/18/17,884.2513
1/19/17,898.0213
1/20/17,891.6238
1/21/17,920.0113
1/22/17,925.3313
1/23/17,912.6875
1/24/17,885.6475
1/25/17,894.11
1/26/17,915.1
1/27/17,918.5625
1/28/17,920.28
1/29/17,914.0438
1/30/17,920.2413
1/31/17,967.6675
2/1/17,987.3463
2/2/17,1007.795
2/3/17,1018.1113
2/4/17,1033.6525
2/5/17,1013.9938
2/6/17,1024.6125
2/7/17,1052.5388
2/8/17,1054.3438
2/9/17,988.9475
2/10/17,993.0788
2/11/17,1010.0025
2/12/17,999.5125
2/13/17,996.8575
2/14/17,1009.2513
2/15/17,1009.1163
2/16/17,1034.0825
2/17/17,1053.1225
2/18/17,1058.4063
2/19/17,1052.8175
2/20/17,1083.2413
2/21/17,1123.6563
2/22/17,1122.195
2/23/17,1178.384
2/24/17,1180.918
2/25/17,1151.581
2/26/17,1179.968
2/27/17,1194.278
2/28/17,1190.888
3/1/17,1230.016
3/2/17,1260.924
3/3/17,1290.786
3/4/17,1267.68
3/5/17,1277.685
3/6/17,1280.868
3/7/17,1232.431
3/8/17,1150.481
3/9/17,1191.815
3/10/17,1117.025
3/11/17,1181.645
3/12/17,1229.505
3/13/17,1243.242
3/14/17,1246.309
3/15/17,1259.601
3/16/17,1172.909
3/17/17,1070.128
3/18/17,970.598
3/19/17,1017.8
3/20/17,1041.343
3/21/17,1115.039
3/22/17,1037.44
3/23/17,1029.95
3/24/17,935.946
3/25/17,964.692
3/26/17,965.229
3/27/17,1040.491
3/28/17,1044.251
3/29/17,1040.392
3/30/17,1037.527
3/31/17,1079.748
4/1/17,1089.511
4/2/17,1098.776
4/3/17,1147.631
4/4/17,1143.746
4/5/17,1134.998
4/6/17,1190.597
4/7/17,1193.019
4/8/17,1184.824
4/9/17,1210.055
4/10/17,1213.339
4/11/17,1224.767
4/12/17,1216.505
4/13/17,1178.533
4/14/17,1183.44
4/15/17,1180.699
4/16/17,1184.787
4/17/17,1203.731
4/18/17,1217.596
4/19/17,1226.939
4/20/17,1255.403
4/21/17,1257.135
4/22/17,1244.375
4/23/17,1248.2175
4/24/17,1248.325
4/25/17,1263.545
4/26/17,1284.845
4/27/17,1329.19
4/28/17,1320.0513
4/29/17,1327.0388
4/30/17,1347.9588
5/1/17,1402.0838
5/2/17,1443.6825
5/3/17,1491.9988
5/4/17,1515.6288
5/5/17,1512.2088
5/6/17,1548.2863
5/7/17,1555.4713
5/8/17,1639.3225
5/9/17,1706.9313
5/10/17,1756.8025
5/11/17,1807.3725
5/12/17,1676.9938
5/13/17,1759.9613
5/14/17,1772.4163
5/15/17,1697.3788
5/16/17,1718.2013
5/17/17,1802.1638
5/18/17,1887.3263
5/19/17,1968.1025
5/20/17,2051.735
5/21/17,2055.6175
5/22/17,2139.0275
5/23/17,2291.4775
5/24/17,2476.2963
5/25/17,2357.5038
5/26/17,2247.4825
5/27/17,2106.3075
5/28/17,2207.5775
5/29/17,2289.87
5/30/17,2197.2338
5/31/17,2330.2338
6/1/17,2452.1813
6/2/17,2517.4088
6/3/17,2555.6538
6/4/17,2552.8088
6/5/17,2736.595
6/6/17,2914.0825
6/7/17,2694.2188
6/8/17,2825.0313
6/9/17,2826.7
6/10/17,2942.345
6/11/17,3018.545
6/12/17,2682.595
6/13/17,2738.9313
6/14/17,2494.485
6/15/17,2456.9238
6/16/17,2528.1025
6/17/17,2663.9975
6/18/17,2576.1713
6/19/17,2641.665
6/20/17,2778.8275
6/21/17,2712.1575
6/22/17,2740.79
6/23/17,2738.225
6/24/17,2619.1188
6/25/17,2594.4538
6/26/17,2485.3588
6/27/17,2593.17
6/28/17,2584.5638
6/29/17,2561.5613
6/30/17,2499.9838
7/1/17,2460.2
7/2/17,2529.7838
7/3/17,2581.0663
7/4/17,2625.0713
7/5/17,2629.2725
7/6/17,2619.1125
7/7/17,2521.2363
7/8/17,2579.9338
7/9/17,2525.675
7/10/17,2371.96
7/11/17,2332.1875
7/12/17,2423.16
7/13/17,2364.5163
7/14/17,2232.655
7/15/17,1993.2588
7/16/17,1938.9425
7/17/17,2244.265
7/18/17,2327.8975
7/19/17,2294.405
7/20/17,2877.3863
7/21/17,2694.2913
7/22/17,2838.81
7/23/17,2762.6263
7/24/17,2779.0438
7/25/17,2591.2163
7/26/17,2550.18
7/27/17,2697.4725
7/28/17,2805.1788
7/29/17,2720.08
7/30/17,2746.3263
7/31/17,2873.8325
8/1/17,2735.5875
8/2/17,2723.58
8/3/17,2814.3613
8/4/17,2883.6813
8/5/17,3301.7588
8/6/17,3255.0025
8/7/17,3431.9688
8/8/17,3453.1625
8/9/17,3377.5438
8/10/17,3445.28
8/11/17,3679.6075
8/12/17,3917.6488
8/13/17,4111.1963
8/14/17,4382.7413
8/15/17,4204.43
8/16/17,4425.2963
8/17/17,4316.34
8/18/17,4159.4575
8/19/17,4206.1313
8/20/17,4111.22
8/21/17,4054.9425
8/22/17,4137.6725
8/23/17,4191.2175
8/24/17,4362.475
8/25/17,4408.3238
8/26/17,4387.4613
8/27/17,4394.515
8/28/17,4439.6588
8/29/17,4648.1338
8/30/17,4630.7275
8/31/17,4764.8675
9/1/17,4950.7238
9/2/17,4643.975
9/3/17,4631.695
9/4/17,4319.7213
9/5/17,4422.1213
9/6/17,4626.72
9/7/17,4638.0975
9/8/17,4317.5375
9/9/17,4291.88
9/10/17,4191.175
9/11/17,4188.845
9/12/17,4148.2675
9/13/17,3874.2588
9/14/17,3226.4125
9/15/17,3686.9
9/16/17,3678.7375
9/17/17,3672.5663
9/18/17,4067.0775
9/19/17,3896.9988
9/20/17,3858.0888
9/21/17,3612.6813
9/22/17,3603.3088
9/23/17,3777.2938
9/24/17,3662.12
9/25/17,3927.4988
9/26/17,3895.5125
9/27/17,4208.5613
9/28/17,4185.2925
9/29/17,4164.1038
9/30/17,4353.0475
10/1/17,4394.6388
10/2/17,4404.0975
10/3/17,4320.09
10/4/17,4225.9238
10/5/17,4322.755
10/6/17,4370.245
10/7/17,4437.0338
10/8/17,4596.9625
10/9/17,4772.975
10/10/17,4754.6988
10/11/17,4830.7663
10/12/17,5439.1338
10/13/17,5640.1275
10/14/17,5809.6938
10/15/17,5697.3917
10/16/17,5754.2213
10/17/17,5595.235
10/18/17,5572.1988
10/19/17,5699.5838
10/20/17,5984.0863
10/21/17,6013.2288
10/22/17,5984.9563
10/23/17,5895.2988
10/24/17,5518.85
10/25/17,5733.9038
10/26/17,5888.145
10/27/17,5767.68
10/28/17,5732.825
10/29/17,6140.5313
10/30/17,6121.8
10/31/17,6447.6675
11/1/17,6750.1725
11/2/17,7030.0025
11/3/17,7161.4513
11/4/17,7386.9988
11/5/17,7382.4488
11/6/17,6958.2113
11/7/17,7118.8013
11/8/17,7458.795
11/9/17,7146.7813
11/10/17,6570.3125
11/11/17,6337.0
11/12/17,5857.3175
11/13/17,6517.6763
11/14/17,6598.7688
11/15/17,7279.0013
11/16/17,7843.9375
11/17/17,7689.9088
11/18/17,7776.94
11/19/17,8033.9363
11/20/17,8238.2025
11/21/17,8095.5938
11/22/17,8230.6925
11/23/17,8002.6413
11/24/17,8201.4613
11/25/17,8763.785
11/26/17,9326.5888
11/27/17,9739.055
11/28/17,9908.2288
11/29/17,9816.3475
11/30/17,9916.5363
12/1/17,10859.5625
12/2/17,10895.0138
12/3/17,11180.8875
12/4/17,11616.855
12/5/17,11696.0583
12/6/17,13708.9913
12/7/17,16858.02
12/8/17,16057.145
12/9/17,14913.4038
12/10/17,15036.9563
12/11/17,16699.6775
12/12/17,17178.1025
12/13/17,16407.2025
12/14/17,16531.0838
12/15/17,17601.9438
12/16/17,19343.04
12/17/17,19086.6438
12/18/17,18960.5225
12/19/17,17608.35
12/20/17,16454.7225
12/21/17,15561.05
12/22/17,13857.145
12/23/17,14548.71
12/24/17,13975.4363
12/25/17,13917.0275
12/26/17,15745.2575
12/27/17,15378.285
12/28/17,14428.76
12/29/17,14427.87
12/30/17,12629.8138
12/31/17,13860.1363
1/1/18,13412.44
1/2/18,14740.7563
1/3/18,15134.6513
1/4/18,15155.2263
1/5/18,16937.1738
1/6/18,17135.8363
1/7/18,16178.495
1/8/18,14970.3575
1/9/18,14439.4738
1/10/18,14890.7225
1/11/18,13287.26
1/12/18,13812.715
1/13/18,14188.785
1/14/18,13619.0288
1/15/18,13585.9013
1/16/18,11348.02
1/17/18,11141.2488
1/18/18,11250.6475
1/19/18,11514.925
1/20/18,12759.6413
1/21/18,11522.8588
1/22/18,10772.15
1/23/18,10839.8263
1/24/18,11399.52
1/25/18,11137.2375
1/26/18,11090.0638
1/27/18,11407.1538
1/28/18,11694.4675
1/29/18,11158.3938
1/30/18,10034.9975
1/31/18,10166.5063
2/1/18,9052.5763
2/2/18,8827.63
2/3/18,9224.3913
2/4/18,8186.6488
2/5/18,6914.26
2/6/18,7700.3863
2/7/18,7581.8038
2/8/18,8237.2363
2/9/18,8689.8388
2/10/18,8556.6125
2/11/18,8070.7963
2/12/18,8891.2125
2/13/18,8516.2438
2/14/18,9477.84
2/15/18,10016.4888
2/16/18,10178.7125
2/17/18,11092.1475
2/18/18,10396.63
2/19/18,11159.7238
2/20/18,11228.2413
2/21/18,10456.1725
2/22/18,9830.4263
2/23/18,10149.4625
2/24/18,9682.3825
2/25/18,9586.46
2/26/18,10313.0825
2/27/18,10564.4188
2/28/18,10309.6413
3/1/18,10907.59
3/2/18,11019.5213
3/3/18,11438.6513
3/4/18,11479.7313
3/5/18,11432.9825
3/6/18,10709.5275
3/7/18,9906.8
3/8/18,9299.2838
3/9/18,9237.05
3/10/18,8787.1638
3/11/18,9532.7413
3/12/18,9118.2713
3/13/18,9144.1475
3/14/18,8196.8975
3/15/18,8256.9938
3/16/18,8269.3275
3/17/18,7862.1088
3/18/18,8196.0225
3/19/18,8594.1913
3/20/18,8915.9038
3/21/18,8895.4
3/22/18,8712.8913
3/23/18,8918.7438
3/24/18,8535.8938
3/25/18,8449.835
3/26/18,8138.3363
3/27/18,7790.1575
3/28/18,7937.205
3/29/18,7086.4875
3/30/18,6844.3213
3/31/18,6926.0175
4/1/18,6816.74
4/2/18,7049.7938
4/3/18,7417.8875
4/4/18,6789.3013
4/5/18,6774.7513
4/6/18,6620.4088
4/7/18,6896.2813
4/8/18,7022.7088
4/9/18,6773.9388
4/10/18,6830.9038
4/11/18,6939.55
4/12/18,7916.3725
4/13/18,7889.2313
4/14/18,8003.6813
4/15/18,8357.0375
4/16/18,8051.345
4/17/18,7890.15
4/18/18,8163.69
4/19/18,8273.7413
4/20/18,8863.5025
4/21/18,8917.5963
4/22/18,8792.83
4/23/18,8938.3038
4/24/18,9652.1563
4/25/18,8864.0875
4/26/18,9278.9975
4/27/18,8978.3325
4/28/18,9342.4713
4/29/18,9392.0313
4/30/18,9244.3225
5/1/18,9067.715
5/2/18,9219.8638
5/3/18,9734.675
5/4/18,9692.7175
5/5/18,9826.5975
5/6/18,9619.1438
5/7/18,9362.5338
5/8/18,9180.1588
5/9/18,9306.0
5/10/18,9014.615
5/11/18,8406.175
5/12/18,8467.6563
5/13/18,8688.0288
5/14/18,8675.2063
5/15/18,8474.2388
5/16/18,8340.2988
5/17/18,8058.6038
5/18/18,8240.725
5/19/18,8234.1525
5/20/18,8520.8125
5/21/18,8395.2325
5/22/18,7983.5175
5/23/18,7502.5588
5/24/18,7578.6913
5/25/18,7460.6938
5/26/18,7334.1638
5/27/18,7344.9675
5/28/18,7105.6725
5/29/18,7460.5838
5/30/18,7375.67
5/31/18,7487.1875
6/1/18,7518.245
6/2/18,7636.1938
6/3/18,7711.365
6/4/18,7490.59
6/5/18,7616.8913
6/6/18,7655.9788
6/7/18,7688.0038
6/8/18,7616.1025
6/9/18,7497.3438
6/10/18,6765.8013
6/11/18,6877.1825
6/12/18,6548.33
6/13/18,6299.5225
6/14/18,6637.7388
6/15/18,6410.7225
6/16/18,6485.8688
6/17/18,6443.6725
6/18/18,6709.48
6/19/18,6737.4138
6/20/18,6758.3788
6/21/18,6717.2025
6/22/18,6053.8963
6/23/18,6170.56
6/24/18,6150.1888
6/25/18,6247.4675
6/26/18,6074.9175
6/27/18,6132.5625
6/28/18,5848.2638
6/29/18,6203.9013
6/30/18,6387.3063
7/1/18,6347.8588
7/2/18,6613.27
7/3/18,6504.9263
7/4/18,6584.7663
7/5/18,6531.2
7/6/18,6600.9863
7/7/18,6755.5613
7/8/18,6704.1825
7/9/18,6664.2063
7/10/18,6302.49
7/11/18,6381.8725
7/12/18,6245.6338
7/13/18,6217.6063
7/14/18,6247.2275
7/15/18,6349.0375
7/16/18,6726.405
7/17/18,7314.9425
7/18/18,7378.7575
7/19/18,7470.825
7/20/18,7330.5363
7/21/18,7404.2875
7/22/18,7396.2863
7/23/18,7717.5
7/24/18,8397.635
7/25/18,8166.76
7/26/18,7929.61
7/27/18,8183.025
7/28/18,8229.96
7/29/18,8215.56
7/30/18,8167.9988
7/31/18,7726.8913
8/1/18,7603.7488
8/2/18,7535.02
8/3/18,7415.5613
8/4/18,7009.0888
8/5/18,7026.9913
8/6/18,6937.0738
8/7/18,6717.2088
8/8/18,6280.58
8/9/18,6537.9025
8/10/18,6143.305
8/11/18,6233.3813
8/12/18,6312.8338
8/13/18,6252.37
8/14/18,6192.3063
8/15/18,6270.0425
8/16/18,6314.2413
8/17/18,6583.2388
8/18/18,6395.3525
8/19/18,6485.7463
8/20/18,6256.6063
8/21/18,6477.3763
8/22/18,6357.5875
8/23/18,6525.6088
8/24/18,6692.6213
8/25/18,6732.5025
8/26/18,6707.6325
8/27/18,6907.6613
8/28/18,7076.745
8/29/18,7035.8125
8/30/18,6982.4
8/31/18,7013.9738
9/1/18,7192.2988
9/2/18,7295.13
9/3/18,7261.4863
9/4/18,7358.4963
9/5/18,6687.0125
9/6/18,6498.6188
9/7/18,6396.2688
9/8/18,6183.38
9/9/18,6238.54
9/10/18,6305.5738
9/11/18,6282.9213
9/12/18,6328.93
9/13/18,6486.6213
9/14/18,6492.375
9/15/18,6515.8988
9/16/18,6497.3663
9/17/18,6251.16
9/18/18,6334.1963
9/19/18,6388.9788
9/20/18,6491.64
9/21/18,6753.18
9/22/18,6712.1675
9/23/18,6701.2975
9/24/18,6581.51
9/25/18,6434.6488
9/26/18,6458.6525
9/27/18,6684.1313
9/28/18,6621.665
9/29/18,6583.7713
9/30/18,6606.085
10/1/18,6578.7938
10/2/18,6506.6575
10/3/18,6470.7138
10/4/18,6555.875
10/5/18,6589.4038
10/6/18,6563.425
10/7/18,6582.4013
10/8/18,6622.4013
10/9/18,6606.8825
10/10/18,6550.7313
10/11/18,6177.2338
10/12/18,6211.6688
10/13/18,6227.51
10/14/18,6222.215
10/15/18,6513.3838
10/16/18,6531.3625
10/17/18,6514.6413
10/18/18,6450.785
10/19/18,6418.8525
10/20/18,6455.485
10/21/18,6453.82
10/22/18,6448.0988
10/23/18,6434.2538
10/24/18,6450.31
10/25/18,6427.3975
10/26/18,6436.9713
10/27/18,6431.0888
10/28/18,6426.55
10/29/18,6285.2338
10/30/18,6283.5263
10/31/18,6320.4588
11/1/18,6358.4
11/2/18,6368.855
11/3/18,6346.8063
11/4/18,6439.4788
11/5/18,6420.865
11/6/18,6465.9875
11/7/18,6520.1088
11/8/18,6425.2638
11/9/18,6353.8763
11/10/18,6368.675
11/11/18,6380.815
11/12/18,6356.0238
11/13/18,6307.245
11/14/18,5681.9813
11/15/18,5620.8775
11/16/18,5548.2338
11/17/18,5536.0713
11/18/18,5582.7
11/19/18,4785.1538
11/20/18,4413.8025
11/21/18,4574.3588
11/22/18,4289.6888
11/23/18,4319.9938
11/24/18,3815.9213
11/25/18,3976.5713
11/26/18,3761.4213
11/27/18,3800.1963
11/28/18,4241.575
11/29/18,4263.875
11/30/18,3992.155
12/1/18,4165.6063
12/2/18,4116.6138
12/3/18,3855.6833
12/4/18,3929.6283
12/5/18,3722.3917
12/6/18,3466.15
12/7/18,3404.4567
12/8/18,3433.3633
12/9/18,3566.3417
12/10/18,3447.345
12/11/18,3378.115
12/12/18,3465.3367
12/13/18,3292.0883
12/14/18,3223.7633
12/15/18,3214.385
12/16/18,3229.1683
12/17/18,3540.1967
12/18/18,3703.805
12/19/18,3724.9933
12/20/18,4107.6867
12/21/18,3886.305
12/22/18,4031.895
12/23/18,3987.8817
12/24/18,4069.8067
12/25/18,3823.0583
12/26/18,3809.19
12/27/18,3632.68
12/28/18,3937.05
12/29/18,3779.7133
12/30/18,3880.9067
12/31/18,3740.5
1/1/19,3869.47
1/2/19,3941.2167
1/3/19,3832.155
1/4/19,3863.6267
1/5/19,3835.5983
1/6/19,4083.165
1/7/19,4041.4583
1/8/19,4029.9917
1/9/19,4028.2917
1/10/19,3669.5825
1/11/19,3660.9583
1/12/19,3658.6725
1/13/19,3540.1583
1/14/19,3706.1725
1/15/19,3604.1333
1/16/19,3630.2567
1/17/19,3665.41
1/18/19,3630.785
1/19/19,3708.9633
1/20/19,3552.8933
1/21/19,3548.69
1/22/19,3598.2183
1/23/19,3576.01
1/24/19,3598.2717
1/25/19,3582.2
1/26/19,3580.775
1/27/19,3553.0133
1/28/19,3454.48
1/29/19,3421.12
1/30/19,3482.3
1/31/19,3441.985
2/1/19,3468.2517
2/2/19,3466.2175
2/3/19,3443.1667
2/4/19,3451.115
2/5/19,3472.035
2/6/19,3393.6717
2/7/19,3385.97
2/8/19,3657.4017
2/9/19,3654.3
2/10/19,3681.0517
2/11/19,3621.0283
2/12/19,3622.7133
2/13/19,3605.3133
2/14/19,3592.91
2/15/19,3601.0583
2/16/19,3611.975
2/17/19,3661.7417
2/18/19,3905.7433
2/19/19,3922.0983
2/20/19,3976.79
2/21/19,3936.34
2/22/19,3979.995
2/23/19,4145.4383
2/24/19,3767.305
2/25/19,3852.16
2/26/19,3830.6733
2/27/19,3832.26
2/28/19,3826.0233
3/1/19,3850.0717
3/2/19,3845.1133
3/3/19,3820.1467
3/4/19,3732.5733
3/5/19,3880.8
3/6/19,3884.9983
3/7/19,3891.7317
3/8/19,3875.47
3/9/19,3950.61
3/10/19,3932.0433
3/11/19,3882.615
3/12/19,3891.3467
3/13/19,3882.8017
3/14/19,3885.9883
3/15/19,3935.415
3/16/19,4022.5383
3/17/19,3999.6617
3/18/19,4004.8117
3/19/19,4033.7183
3/20/19,4064.0867
3/21/19,3999.3233
3/22/19,4003.55
3/23/19,4009.4683
3/24/19,3994.0283
3/25/19,3929.3083
3/26/19,3945.325
3/27/19,4051.9033
3/28/19,4039.0017
3/29/19,4119.0183
3/30/19,4117.8483
3/31/19,4117.51
4/1/19,4156.39
4/2/19,4908.6883
4/3/19,4977.0017
4/4/19,4917.8467
4/5/19,5053.72
4/6/19,5058.34
4/7/19,5208.02
4/8/19,5296.9317
4/9/19,5196.985
4/10/19,5319.705
4/11/19,5046.865
4/12/19,5088.7483
4/13/19,5077.7183
4/14/19,5172.4517
4/15/19,5033.095
4/16/19,5214.55
4/17/19,5237.38
4/18/19,5290.7433
4/19/19,5297.5667
4/20/19,5326.9383
4/21/19,5305.9967
4/22/19,5396.5783
4/23/19,5540.1117
4/24/19,5454.4483
4/25/19,5160.64
4/26/19,5241.025
4/27/19,5247.24
4/28/19,5266.3467
4/29/19,5259.6267
4/30/19,5378.6183
5/1/19,5423.66
5/2/19,5503.3017
5/3/19,5775.8817
5/4/19,5876.01
5/5/19,5823.795
5/6/19,5799.6167
5/7/19,5861.5917
5/8/19,6029.08
5/9/19,6187.28
5/10/19,6375.5617
5/11/19,7184.64
5/12/19,6979.1317
5/13/19,7801.2967
5/14/19,7978.01
5/15/19,8180.425
5/16/19,7875.1633
5/17/19,7376.8533
5/18/19,7259.5067
5/19/19,8189.3767
5/20/19,7995.965
5/21/19,7945.045
5/22/19,7623.5133
5/23/19,7875.9967
5/24/19,7998.22
5/25/19,8063.9483
5/26/19,8738.18
5/27/19,8783.0683
5/28/19,8724.455
5/29/19,8670.265
5/30/19,8273.0117
5/31/19,8544.97
6/1/19,8553.1267
6/2/19,8737.3617
6/3/19,8105.13
6/4/19,7677.3983
6/5/19,7785.985
6/6/19,7806.715
6/7/19,8001.2767
6/8/19,7928.5417
6/9/19,7634.6483
6/10/19,8016.6917
6/11/19,7913.8933
6/12/19,8173.3567
6/13/19,8232.7533
6/14/19,8693.765
6/15/19,8857.0783
6/16/19,8976.5367
6/17/19,9340.25
6/18/19,9083.8167
6/19/19,9288.5367
6/20/19,9539.7883
6/21/19,10232.9167
6/22/19,10695.3683
6/23/19,10860.8233
6/24/19,11041.8533
6/25/19,11752.6783
6/26/19,12907.135
6/27/19,11170.885
6/28/19,12356.2783
6/29/19,11882.5083
6/30/19,10769.4217
7/1/19,10599.3267
7/2/19,10850.4
7/3/19,11976.6317
7/4/19,11151.9183
7/5/19,10996.4267
7/6/19,11252.4533
7/7/19,11476.4083
7/8/19,12294.6567
7/9/19,12563.215
7/10/19,12096.6533
7/11/19,11345.7717
7/12/19,11789.3367
7/13/19,11350.6283
7/14/19,10194.21
7/15/19,10842.4517
7/16/19,9422.4517
7/17/19,9692.7067
7/18/19,10636.91
7/19/19,10526.3917
7/20/19,10754.29
7/21/19,10586.2433
7/22/19,10325.825
7/23/19,9849.82
7/24/19,9771.5667
7/25/19,9882.1
7/26/19,9844.5583
7/27/19,9466.2717
7/28/19,9527.7717
7/29/19,9501.0317
7/30/19,9588.6033
7/31/19,10090.535
8/1/19,10405.2067
8/2/19,10526.2167
8/3/19,10818.6983
8/4/19,10979.3133
8/5/19,11802.0167
8/6/19,11467.1983
8/7/19,11981.1517
8/8/19,12010.8983
8/9/19,11868.7533
8/10/19,11289.49
8/11/19,11561.71
8/12/19,11396.5433
8/13/19,10875.3483
8/14/19,10036.1867
8/15/19,10307.895
8/16/19,10358.7683
8/17/19,10220.6033
8/18/19,10321.7317
8/19/19,10924.965
8/20/19,10776.9083
8/21/19,10133.3483
8/22/19,10113.2
8/23/19,10406.7433
8/24/19,10147.7633
8/25/19,10138.6683
8/26/19,10365.1783
8/27/19,10177.9267
8/28/19,9723.805
8/29/19,9500.6367
8/30/19,9588.0717
8/31/19,9608.6467
9/1/19,9773.3417
9/2/19,10386.915
9/3/19,10634.6433
9/4/19,10583.6617
9/5/19,10580.27
9/6/19,10308.0367
9/7/19,10488.41
9/8/19,10404.6433
9/9/19,10314.9717
9/10/19,10107.7217
9/11/19,10164.0867
9/12/19,10433.5567
9/13/19,10372.5533
9/14/19,10365.4467
9/15/19,10312.6683
9/16/19,10271.015
9/17/19,10199.905
9/18/19,10165.3267
9/19/19,10282.6567
9/20/19,10179.955
9/21/19,9989.755
9/22/19,10036.7067
9/23/19,9694.5067
9/24/19,8538.105
9/25/19,8449.9167
9/26/19,8075.9667
9/27/19,8200.2833
9/28/19,8221.3783
9/29/19,8067.2683
9/30/19,8316.8767
10/1/19,8326.58
10/2/19,8395.2183
10/3/19,8246.5417
10/4/19,8161.3483
10/5/19,8153.9767
10/6/19,7868.34
10/7/19,8217.6333
10/8/19,8191.0717
10/9/19,8596.4533
10/10/19,8590.3733
10/11/19,8272.395
10/12/19,8311.8117
10/13/19,8290.9717
10/14/19,8362.0733
10/15/19,8171.27
10/16/19,8002.8483
10/17/19,8081.3133
10/18/19,7966.2667
10/19/19,7974.0883
10/20/19,8242.8633
10/21/19,8221.3733
10/22/19,8034.545
10/23/19,7478.905
10/24/19,7435.8467
10/25/19,8671.5083
10/26/19,9261.9983
10/27/19,9555.305
10/28/19,9223.2067
10/29/19,9437.585
10/30/19,9170.285
10/31/19,9164.365
11/1/19,9265.4317
11/2/19,9312.36
11/3/19,9211.6
11/4/19,9424.185
11/5/19,9326.6033
11/6/19,9345.69
11/7/19,9205.8083
11/8/19,8770.3617
11/9/19,8813.3567
11/10/19,9044.7817
11/11/19,8726.36
11/12/19,8820.2333
11/13/19,8775.1017
11/14/19,8639.1833
11/15/19,8471.2783
11/16/19,8496.6
11/17/19,8516.08
11/18/19,8191.0667
11/19/19,8136.2767
11/20/19,8098.3183
11/21/19,7633.95
11/22/19,7292.74
11/23/19,7335.3217
11/24/19,6924.8483
11/25/19,7136.7617
11/26/19,7175.5267
11/27/19,7531.8283
11/28/19,7442.2967
11/29/19,7770.54
11/30/19,7571.4083
12/1/19,7420.8417
12/2/19,7320.8167
12/3/19,7312.8833
12/4/19,7211.35
12/5/19,7404.4033
12/6/19,7556.8817
12/7/19,7517.2
12/8/19,7539.52
12/9/19,7351.3367
12/10/19,7232.8433
12/11/19,7213.4767
12/12/19,7199.51
12/13/19,7263.045
12/14/19,7077.1517
12/15/19,7125.8167
12/16/19,6893.2367
12/17/19,6633.3717
12/18/19,7299.7367
12/19/19,7161.965
12/20/19,7198.785
12/21/19,7150.9133
12/22/19,7520.0433
12/23/19,7324.495
12/24/19,7261.025
12/25/19,7204.0217
12/26/19,7205.8033
12/27/19,7259.67
12/28/19,7313.6933
12/29/19,7397.535
12/30/19,7234.615
12/31/19,7182.4017
1/1/20,7188.4633
1/2/20,6961.5683
1/3/20,7346.58
1/4/20,7355.855
1/5/20,7356.3117
1/6/20,7761.825
1/7/20,8157.7617
1/8/20,8042.8733
1/9/20,7816.9233
1/10/20,8189.265
1/11/20,8016.4267
1/12/20,8178.8833
1/13/20,8105.4783
1/14/20,8807.4267
1/15/20,8808.4867
1/16/20,8716.9133
1/17/20,8890.25
1/18/20,8901.17
1/19/20,8698.5717
1/20/20,8631.2883
1/21/20,8727.6033
1/22/20,8661.01
1/23/20,8392.145
1/24/20,8436.49
1/25/20,8337.1017
1/26/20,8602.7417
1/27/20,8901.5067
1/28/20,9393.2733
1/29/20,9290.46
1/30/20,9508.725
1/31/20,9346.1333
2/1/20,9388.6617
2/2/20,9333.08
2/3/20,9291.6433
2/4/20,9175.3367
2/5/20,9613.4033
2/6/20,9750.5467
2/7/20,9808.5967
2/8/20,9897.6583
2/9/20,10161.2833
2/10/20,9852.7183
2/11/20,10266.1
2/12/20,10347.9517
2/13/20,10230.0783
2/14/20,10356.7567
2/15/20,9903.0217
2/16/20,9926.2
2/17/20,9706.08
2/18/20,10185.8767
2/19/20,9593.48
2/20/20,9607.31
2/21/20,9695.5583
2/22/20,9667.8433
2/23/20,9973.2733
2/24/20,9664.6333
2/25/20,9313.92
2/26/20,8790.12
2/27/20,8816.585
2/28/20,8715.6617
2/29/20,8538.3983
3/1/20,8540.2567
3/2/20,8926.2517
3/3/20,8768.18
3/4/20,8767.8867
3/5/20,9073.275
3/6/20,9165.1517
3/7/20,8905.9517
3/8/20,8050.1883
3/9/20,7944.45
3/10/20,7899.2267
3/11/20,7951.17
3/12/20,4914.085
3/13/20,5629.5767
3/14/20,5182.3217
3/15/20,5360.06
3/16/20,5043.6783
3/17/20,5337.0933
3/18/20,5411.6217
3/19/20,6180.27
3/20/20,6206.6117
3/21/20,6197.6183
3/22/20,5803.67
3/23/20,6492.94
3/24/20,6766.7817
3/25/20,6687.705
3/26/20,6709.95
3/27/20,6698.73
3/28/20,6226.545
3/29/20,5882.0067
3/30/20,6568.805
3/31/20,6449.95
4/1/20,6671.95
4/2/20,6833.05
4/3/20,6740.075
4/4/20,6872.915
4/5/20,6778.61
4/6/20,7297.75
4/7/20,7360.37
4/8/20,7341.15
4/9/20,7314.95
4/10/20,6909.95
4/11/20,6814.05
4/12/20,7143.45
4/13/20,6763.065
4/14/20,6885.1
4/15/20,6727.15
4/16/20,7055.8225
4/17/20,7086.85
4/18/20,7226.61
4/19/20,7170.65
4/20/20,6896.31
4/21/20,6856.8
4/22/20,7137.85
4/23/20,7556.95
4/24/20,7502.9
4/25/20,7598.605
4/26/20,7602.64
4/27/20,7674.375
4/28/20,7724.15
4/29/20,8273.45
4/30/20,8740.75
5/1/20,8771.5725
5/2/20,8891.445
5/3/20,8819.01
5/4/20,8801.36
5/5/20,8900.3
5/6/20,9248.9475
5/7/20,9375.95
5/8/20,9986.6675
5/9/20,9740.815
5/10/20,8465.45
5/11/20,8857.0625
5/12/20,8729.95
5/13/20,9099.2
5/14/20,9582.5825
5/15/20,9523.595
5/16/20,9465.05
5/17/20,9775.125
5/18/20,9636.55
5/19/20,9789.75
5/20/20,9772.205
5/21/20,9335.15
5/22/20,9177.8
5/23/20,9186.8317
5/24/20,9203.13
5/25/20,8776.34
5/26/20,8871.05
5/27/20,8923.05
5/28/20,9207.95
5/29/20,9448.365
5/30/20,9550.815
5/31/20,9545.15
6/1/20,9564.95
6/2/20,10136.5
6/3/20,9594.45
6/4/20,9529.55
6/5/20,9836.805
6/6/20,9679.75
6/7/20,9621.55
6/8/20,9730.365
6/9/20,9668.96
6/10/20,9731.05
6/11/20,9797.5
6/12/20,9475.95
6/13/20,9432.3875
6/14/20,9421.895
6/15/20,9137.25
6/16/20,9490.7375
6/17/20,9474.64
6/18/20,9447.25
6/19/20,9276.15
6/20/20,9312.005
6/21/20,9339.125
6/22/20,9474.9
6/23/20,9591.715
6/24/20,9510.3
6/25/20,9274.1267
6/26/20,9127.55
6/27/20,9164.315
6/28/20,8991.5
6/29/20,9096.15
6/30/20,9144.385
7/1/20,9153.95
7/2/20,9199.875
7/3/20,9094.955
7/4/20,9083.395
7/5/20,9075.3125
7/6/20,9203.25
7/7/20,9265.375
7/8/20,9279.5833
7/9/20,9403.85
7/10/20,9144.715
7/11/20,9278.05
7/12/20,9279.05
7/13/20,9294.6625
7/14/20,9202.4067
7/15/20,9214.1275
7/16/20,9116.325
7/17/20,9122.22
7/18/20,9140.2575
7/19/20,9156.11
7/20/20,9185.375
7/21/20,9206.5125
7/22/20,9357.195
7/23/20,9511.615
7/24/20,9544.48
7/25/20,9601.75
7/26/20,9712.08
7/27/20,10300.5
7/28/20,10985.3117
7/29/20,10982.5
7/30/20,11053.5
7/31/20,11025.5
8/1/20,11354.1567
8/2/20,11301.28
8/3/20,11164.445
8/4/20,11275.995
8/5/20,11219.5
8/6/20,11796.8174
8/7/20,11827.265
8/8/20,11568.5
8/9/20,11666.45
8/10/20,12010.28
8/11/20,11832.5
8/12/20,11342.01
8/13/20,11565.095
8/14/20,11759.5
8/15/20,11895.627
8/16/20,11908.33
8/17/20,11856.5
8/18/20,12327.5
8/19/20,11918.5
8/20/20,11833.8974
8/21/20,11583.1389
8/22/20,11674.6244
8/23/20,11611.5
8/24/20,11744.0127
8/25/20,11378.726
8/26/20,11458.8226
8/27/20,11302.121
8/28/20,11482.2257
8/29/20,11515.0444
8/30/20,11657.0039
8/31/20,11678.3733
9/1/20,11964.2087
9/2/20,11795.7
9/3/20,11302.8875
9/4/20,10292.5983
9/5/20,10439.5
9/6/20,10110.44
9/7/20,10164.13
9/8/20,10316.5833
9/9/20,10032.5
9/10/20,10341.016
9/11/20,10380.5396
9/12/20,10436.3654
9/13/20,10313.0686
9/14/20,10680.2976
9/15/20,10829.5053
9/16/20,11033.3835
9/17/20,10937.1113
9/18/20,10933.9312
9/19/20,11048.8793
9/20/20,10852.9101
9/21/20,10526.2029
9/22/20,10531.1646
9/23/20,10260.033
9/24/20,10672.9568
9/25/20,10729.0696
9/26/20,10741.4765
9/27/20,10752.3455
9/28/20,10863.0657
9/29/20,10764.2844
9/30/20,10741.5796
10/1/20,10626.601
10/2/20,10567.3302
10/3/20,10555.0287
10/4/20,10660.6112
10/5/20,10756.4046
10/6/20,10589.6264
10/7/20,10645.7548
10/8/20,10897.5954
10/9/20,11063.5317
10/10/20,11304.4917
10/11/20,11377.1683
10/12/20,11545.1583
10/13/20,11432.475
10/14/20,11430.8717
10/15/20,11510.5367
10/16/20,11325.5217
10/17/20,11369.9133
10/18/20,11516.9667
10/19/20,11758.5467
10/20/20,11922.975
10/21/20,12811.4867
10/22/20,12987.9017
10/23/20,12940.1067
10/24/20,13127.055
10/25/20,13039.0133
10/26/20,13067.8283
10/27/20,13638.76
10/28/20,13276.4533
10/29/20,13459.7983
10/30/20,13566.925
10/31/20,13797.1033
11/1/20,13762.97
11/2/20,13567.2233
11/3/20,14030.79
11/4/20,14158.81
11/5/20,15593.555
11/6/20,15589.0033
11/7/20,14843.945
11/8/20,15489.47
11/9/20,15334.87
11/10/20,15313.4433
11/11/20,15706.54
11/12/20,16301.0267
11/13/20,16330.3433
11/14/20,16075.7133
11/15/20,15968.245
11/16/20,16720.605
11/17/20,17676.335
11/18/20,17785.2667
11/19/20,17815.0783
11/20/20,18675.4333
11/21/20,18697.5133
11/22/20,18423.5133
11/23/20,18381.7167
11/24/20,19161.2683
11/25/20,18723.5467
11/26/20,17182.485
11/27/20,17156.3033
11/28/20,17737.9667
11/29/20,18196.5467
11/30/20,19708.0967
12/1/20,18795.1967
12/2/20,19226.22
12/3/20,19450.2667
12/4/20,18657.42
12/5/20,19157.925
12/6/20,19386.7117
12/7/20,19185.3967
12/8/20,18322.5533
12/9/20,18553.92
12/10/20,18255.9233
12/11/20,18039.7617
12/12/20,18811.0617
12/13/20,19168.7533
12/14/20,19274.8733
12/15/20,19444.5483
12/16/20,21349.8467
12/17/20,22812.2817
12/18/20,23133.2867
12/19/20,23835.305
12/20/20,23458.9967
12/21/20,22718.225
12/22/20,23817.3067
12/23/20,23229.0133
12/24/20,23729.6483
12/25/20,24707.8017
12/26/20,26445.95
12/27/20,26248.2767
12/28/20,27041.8667
12/29/20,27353.9783
12/30/20,28886.04
12/31/20,28956.265
1/1/21,29391.775
1/2/21,32198.48
1/3/21,33033.62
1/4/21,32017.565
1/5/21,34035.0067
1/6/21,36826.9783
1/7/21,39475.6067
1/8/21,40616.7217
1/9/21,40227.8683
1/10/21,38191.55
1/11/21,35463.1883
1/12/21,34059.9133
1/13/21,37375.8033
1/14/21,39138.075
1/15/21,36770.0433
1/16/21,36029.1967
1/17/21,35845.0217
1/18/21,36656.9933
1/19/21,35929.1683
1/20/21,35510.67
1/21/21,30838.5
1/22/21,33018.825
1/23/21,32106.7033
1/24/21,32297.165
1/25/21,32255.35
1/26/21,32518.3583
1/27/21,30425.3933
1/28/21,33420.045
1/29/21,34264.01
1/30/21,34324.2717
1/31/21,33129.7433
2/1/21,33543.77
2/2/21,35528.31
2/3/21,37685.2767
2/4/21,36984.6783
2/5/21,38306.2467
2/6/21,39269.3417
2/7/21,38862.35
2/8/21,46436.09
2/9/21,46502.2933
2/10/21,44855.6167
2/11/21,48004.6533
2/12/21,47410.4033
2/13/21,47211.6683
2/14/21,48633.26
2/15/21,47934.1267
2/16/21,49185.7283
2/17/21,52127.32
2/18/21,51573.4067
2/19/21,55923.13
2/20/21,55898.44
2/21/21,57441.6
2/22/21,54117.495
2/23/21,48901.0167
2/24/21,49734.52
2/25/21,47104.7833
2/26/21,46329.74
2/27/21,46189.3783
2/28/21,45256.4133
3/1/21,49619.6433
3/2/21,48502.8083
3/3/21,50422.1683
3/4/21,48365.145
3/5/21,48780.96
3/6/21,48887.0233
3/7/21,50985.9417
3/8/21,52393.36
3/9/21,54932.3367
3/10/21,55890.255
3/11/21,57827.6133
3/12/21,57254.9
3/13/21,61184.8267
3/14/21,58991.5683
3/15/21,56927.11
3/16/21,58925.54
3/17/21,57644.95
3/18/21,58039.66
3/19/21,58116.7
3/20/21,57363.32
3/21/21,54110.07
3/22/21,54345.54
3/23/21,52276.16
3/24/21,51325.01
3/25/21,55072.44
3/26/21,55856.53
3/27/21,55778.82
3/28/21,57613.48
3/29/21,58786.46
3/30/21,58800.0
3/31/21,58726.48
4/1/21,58981.04
4/2/21,57094.34
4/3/21,58215.94
4/4/21,59123.02
4/5/21,58019.98
4/6/21,55955.75
4/7/21,58083.1
4/8/21,58092.68
4/9/21,59778.6
4/10/21,59985.26
4/11/21,59839.82
4/12/21,63588.22
4/13/21,62971.8
4/14/21,63229.04
4/15/21,61427.27
4/16/21,60058.86
4/17/21,56274.41
4/18/21,55696.83
4/19/21,56499.29
4/20/21,53800.86
4/21/21,51701.59
4/22/21,51187.27
4/23/21,50089.15
4/24/21,49121.0
4/25/21,54053.6
4/26/21,55069.62
4/27/21,54894.03
4/28/21,53557.49
4/29/21,54255.92
4/30/21,57935.3
5/1/21,56625.2
5/2/21,58777.62
5/3/21,56032.29
5/4/21,55515.34
5/5/21,56440.66
5/6/21,57379.95
5/7/21,58517.11
5/8/21,58312.57
5/9/21,58040.44
5/10/21,56157.12
5/11/21,56120.33
5/12/21,49312.48
5/13/21,49893.48
5/14/21,49400.74
5/15/21,46450.79
5/16/21,45168.42
5/17/21,42857.15
5/18/21,36731.75
5/19/21,39870.18
5/20/21,37340.77
5/21/21,37653.93
5/22/21,34758.67
5/23/21,37981.61
5/24/21,39510.82
5/25/21,38895.5
5/26/21,38556.88
5/27/21,35680.47
5/28/21,34627.82
5/29/21,35669.44
5/30/21,37279.31
5/31/21,36685.0
6/1/21,37577.91
6/2/21,39248.55
6/3/21,36856.52
6/4/21,35539.49
6/5/21,35800.48
6/6/21,36474.43
6/7/21,33402.13
6/8/21,35255.83
6/9/21,38224.41
6/10/21,37338.44
6/11/21,35557.33
6/12/21,39015.24
6/13/21,40539.47
6/14/21,41153.79
6/15/21,38351.0
6/16/21,38095.17
6/17/21,35841.81
6/18/21,35484.79
6/19/21,35585.78
6/20/21,31609.82
6/21/21,32538.37
6/22/21,33182.29
6/23/21,34000.3
6/24/21,31594.63
6/25/21,32275.19
6/26/21,34709.23
6/27/21,34493.22
6/28/21,36260.01
6/29/21,34805.21
6/30/21,33251.22
7/1/21,33805.02
7/2/21,34682.16
7/3/21,35284.05
7/4/21,34670.22
7/5/21,33917.43
7/6/21,34893.19
7/7/21,33322.28
7/8/21,33824.26
7/9/21,33515.35
7/10/21,34259.23
7/11/21,33584.55
7/12/21,32734.14
7/13/21,32816.39
7/14/21,31745.64
7/15/21,31388.06
7/16/21,31593.26
7/17/21,31788.25
7/18/21,30667.93
7/19/21,29729.27
7/20/21,31562.73
7/21/21,31791.52
7/22/21,32353.22
7/23/21,34101.89
7/24/21,34462.71
7/25/21,38494.61
7/26/21,37933.75
7/27/21,39677.21
7/28/21,39834.37
7/29/21,38840.53
7/30/21,41747.95
7/31/21,39865.41
8/1/21,39568.77
8/2/21,38106.19
8/3/21,39318.28
8/4/21,38110.76
8/5/21,40498.97
8/6/21,43457.84
8/7/21,44415.39
8/8/21,45776.15
8/9/21,45758.18
8/10/21,46593.53
8/11/21,44360.33
8/12/21,46506.62
8/13/21,47028.34
8/14/21,47014.49
8/15/21,47326.08
8/16/21,45776.04
8/17/21,45270.02
8/18/21,45156.56
8/19/21,47859.96
8/20/21,49022.65
8/21/21,49284.63
8/22/21,49527.33
8/23/21,48488.12
8/24/21,47494.67
8/25/21,46908.34
8/26/21,47411.96
8/27/21,48942.94
8/28/21,48289.34
8/29/21,47619.99
8/30/21,47057.98
8/31/21,47745.77
9/1/21,50005.53
9/2/21,50202.73
9/3/21,49942.98
9/4/21,51789.17
9/5/21,52698.81
9/6/21,50971.14
9/7/21,46060.36
9/8/21,46308.44
9/9/21,45697.26
9/10/21,45171.83
9/11/21,45899.26
9/12/21,44397.63
9/13/21,46813.89
9/14/21,47824.56
9/15/21,47359.61
9/16/21,47437.08
9/17/21,48314.56
9/18/21,47597.56
9/19/21,43725.17
9/20/21,41677.44
9/21/21,42186.89
9/22/21,44163.72
9/23/21,42484.43
9/24/21,42705.51
9/25/21,43544.02
9/26/21,43588.08
9/27/21,42016.82
9/28/21,42236.63
9/29/21,43629.25
9/30/21,47537.01
10/1/21,47657.69
10/2/21,48233.99
10/3/21,47828.32
10/4/21,50016.49
10/5/21,52662.33
10/6/21,53860.76
10/7/21,54865.03
10/8/21,55033.56
10/9/21,54862.81
10/10/21,57340.01
10/11/21,56246.82
10/12/21,55054.42
10/13/21,57634.38
10/14/21,59987.75
10/15/21,60877.42
10/16/21,61527.11
10/17/21,61987.22
10/18/21,62252.42
10/19/21,63812.44
10/20/21,62204.02
10/21/21,60687.64
10/22/21,61300.01
10/23/21,60854.48
10/24/21,63083.54
10/25/21,60337.62
10/26/21,58455.47
10/27/21,61197.58
10/28/21,60929.13
10/29/21,61101.95
10/30/21,61504.83
10/31/21,61790.36
11/1/21,63249.99
11/2/21,62916.67
11/3/21,61920.6
11/4/21,61707.01
11/5/21,61539.31
11/6/21,62392.12
11/7/21,66163.56
11/8/21,67701.05
11/9/21,68176.89
11/10/21,64817.52
11/11/21,63277.59
11/12/21,64664.68
11/13/21,63739.83
11/14/21,65640.74
11/15/21,60265.01
11/16/21,60017.33
11/17/21,58022.43
11/18/21,57052.83
11/19/21,59760.76
11/20/21,59934.03
11/21/21,58812.43
11/22/21,56823.65
11/23/21,57162.66
11/24/21,58618.18
11/25/21,54520.14
11/26/21,54759.05
11/27/21,54295.67
11/28/21,57277.1
11/29/21,58235.06
11/30/21,58882.14
12/1/21,56213.53
12/2/21,57081.54
12/3/21,47135.02
12/4/21,49495.3
12/5/21,50529.56
12/6/21,50782.63
12/7/21,50715.47
12/8/21,49163.77
12/9/21,48461.77
12/10/21,48536.7
12/11/21,49823.69
12/12/21,48192.57
12/13/21,47132.4
12/14/21,48057.83
12/15/21,48516.19
12/16/21,45826.14
12/17/21,46948.19
12/18/21,47228.31
12/19/21,46038.14
12/20/21,48880.25
12/21/21,49313.18
12/22/21,48583.04
12/23/21,51117.75
12/24/21,50428.31
12/25/21,49919.56
12/26/21,51517.91
12/27/21,48355.38
12/28/21,47350.68
12/29/21,47567.68
12/30/21,46398.67
12/31/21,47231.0
1/1/22,47387.23
1/2/22,47236.24
1/3/22,46333.06
1/4/22,46448.88
1/5/22,43382.52
1/6/22,43055.13
1/7/22,41244.5
1/8/22,41504.72
1/9/22,41935.99
1/10/22,41768.77
1/11/22,42666.0
1/12/22,44370.22
1/13/22,43040.81
1/14/22,43012.89
1/15/22,42763.84
1/16/22,42592.71
1/17/22,42398.0
1/18/22,42318.19
1/19/22,42229.54
1/20/22,40974.52
1/21/22,35062.78
1/22/22,36282.47
1/23/22,33387.5
1/24/22,36617.91
1/25/22,37972.45
1/26/22,36857.16
1/27/22,37019.83
1/28/22,38191.1
1/29/22,37901.35
1/30/22,37654.92
1/31/22,38364.29
2/1/22,37217.26
2/2/22,36523.75
2/3/22,37595.24
2/4/22,41404.85
2/5/22,41420.26
2/6/22,42839.77
2/7/22,43778.53
2/8/22,44042.95
2/9/22,44880.85
2/10/22,43666.9
2/11/22,42361.94
2/12/22,42502.09
2/13/22,42079.77
2/14/22,42547.97
2/15/22,44188.25
2/16/22,44086.42
2/17/22,39903.29
2/18/22,39994.26
2/19/22,38389.03
2/20/22,37484.89
2/21/22,38251.48
2/22/22,38113.86
2/23/22,35174.78
2/24/22,39665.0
2/25/22,39026.61
2/26/22,37717.08
2/27/22,38033.89
2/28/22,44377.06
3/1/22,44177.0
3/2/22,43882.94
3/3/22,41444.24
3/4/22,39251.81
3/5/22,38408.38
3/6/22,37814.23
3/7/22,38842.99
3/8/22,42313.62
3/9/22,39249.76
3/10/22,39865.31
3/11/22,39039.13
3/12/22,39044.83
3/13/22,38780.73
3/14/22,38875.9
3/15/22,40415.53
3/16/22,40969.2
3/17/22,40552.74
3/18/22,42305.73
3/19/22,42074.67
3/20/22,41107.13
3/21/22,43236.0
3/22/22,42409.54
3/23/22,43029.92
3/24/22,44583.81
3/25/22,44473.47
3/26/22,44930.29
3/27/22,46949.84
3/28/22,47971.54
3/29/22,47237.53
3/30/22,45815.46
3/31/22,45404.23
4/1/22,46307.52
4/2/22,45799.08
4/3/22,45962.32
4/4/22,46731.5
4/5/22,43978.81
4/6/22,43500.0
4/7/22,43614.91
4/8/22,42321.32
4/9/22,42669.28
4/10/22,42186.14
4/11/22,40210.2
4/12/22,39822.75
4/13/22,41123.69
4/14/22,40271.73
4/15/22,40396.05
4/16/22,40447.11
4/17/22,39406.91
4/18/22,40752.78
4/19/22,41337.59
4/20/22,42820.51
4/21/22,40537.56
4/22/22,39705.26
4/23/22,39737.48
4/24/22,38515.06
4/25/22,40446.8
4/26/22,38132.77
4/27/22,40098.97
4/28/22,39838.88
4/29/22,37759.66
4/30/22,38512.36
5/1/22,38639.67
5/2/22,38474.96
5/3/22,39009.15
5/4/22,38201.76
5/5/22,36123.55
5/6/22,35458.0
5/7/22,34535.96
5/8/22,32915.42
5/9/22,31771.27
5/10/22,31612.02
5/11/22,28225.96
5/12/22,29232.18
5/13/22,30041.88
5/14/22,31077.47
5/15/22,29857.11
5/16/22,30091.17
5/17/22,30354.78
5/18/22,30274.59
5/19/22,29155.75
5/20/22,29408.26
5/21/22,30260.87
5/22/22,29082.52
5/23/22,29626.44
5/24/22,29503.49
5/25/22,29347.08
5/26/22,29195.84
5/27/22,28963.24
5/28/22,28861.08
5/29/22,31711.42
5/30/22,31649.53
5/31/22,31890.36
6/1/22,29786.52
6/2/22,29734.09
6/3/22,29843.18
6/4/22,29737.54
6/5/22,31448.05
6/6/22,29510.59
6/7/22,30960.48
6/8/22,30079.62
6/9/22,29300.0
6/10/22,28614.73
6/11/22,28070.24
6/12/22,24059.03
6/13/22,21878.97
6/14/22,21830.47
6/15/22,21086.29
6/16/22,20447.86
6/17/22,19199.31
6/18/22,19450.48
6/19/22,20325.9
6/20/22,20850.64
6/21/22,20247.54
6/22/22,21104.45
6/23/22,21230.42
